station_name,is_weekend,hour,avg_count
가야,False,1,0.4
가야,False,2,0.1
가야,False,3,0.1
가야,False,4,1.2
가야,False,5,76.7
가야,False,6,123.6
가야,False,7,276.2
가야,False,8,412.2
가야,False,9,256.2
가야,False,10,195.1
가야,False,11,210.5
가야,False,12,220.2
가야,False,13,216.3
가야,False,14,215.3
가야,False,15,230.1
가야,False,16,277.2
가야,False,17,311.5
가야,False,18,371.9
가야,False,19,174.1
가야,False,20,119.9
가야,False,21,105.5
가야,False,22,74.5
가야,False,23,43.2
가야,False,0,9.6
가야,True,1,0.2
가야,True,2,0.0
가야,True,3,0.0
가야,True,4,0.9
가야,True,5,52.7
가야,True,6,71.2
가야,True,7,98.1
가야,True,8,158.8
가야,True,9,191.8
가야,True,10,196.8
가야,True,11,202.5
가야,True,12,200.4
가야,True,13,197.7
가야,True,14,189.9
가야,True,15,208.2
가야,True,16,222.9
가야,True,17,213.6
가야,True,18,170.9
가야,True,19,123.7
가야,True,20,102.7
가야,True,21,94.2
가야,True,22,66.3
가야,True,23,43.9
가야,True,0,10.0
감전,False,1,0.3
감전,False,2,0.2
감전,False,3,0.0
감전,False,4,0.3
감전,False,5,49.7
감전,False,6,120.9
감전,False,7,387.8
감전,False,8,713.7
감전,False,9,273.7
감전,False,10,216.1
감전,False,11,208.5
감전,False,12,230.1
감전,False,13,243.6
감전,False,14,215.6
감전,False,15,235.2
감전,False,16,302.8
감전,False,17,486.1
감전,False,18,565.5
감전,False,19,151.6
감전,False,20,117.2
감전,False,21,87.6
감전,False,22,49.1
감전,False,23,22.9
감전,False,0,9.8
감전,True,1,0.2
감전,True,2,0.0
감전,True,3,0.0
감전,True,4,0.4
감전,True,5,33.4
감전,True,6,63.0
감전,True,7,87.9
감전,True,8,126.1
감전,True,9,144.0
감전,True,10,156.6
감전,True,11,162.5
감전,True,12,185.5
감전,True,13,165.4
감전,True,14,161.0
감전,True,15,149.0
감전,True,16,162.1
감전,True,17,158.5
감전,True,18,127.8
감전,True,19,81.2
감전,True,20,63.8
감전,True,21,64.2
감전,True,22,36.8
감전,True,23,23.9
감전,True,0,10.7
강서구청,False,1,0.1
강서구청,False,2,0.2
강서구청,False,3,0.0
강서구청,False,4,0.5
강서구청,False,5,38.3
강서구청,False,6,152.1
강서구청,False,7,298.2
강서구청,False,8,437.2
강서구청,False,9,155.9
강서구청,False,10,142.5
강서구청,False,11,159.0
강서구청,False,12,184.0
강서구청,False,13,176.6
강서구청,False,14,159.5
강서구청,False,15,180.2
강서구청,False,16,237.4
강서구청,False,17,319.5
강서구청,False,18,412.9
강서구청,False,19,122.0
강서구청,False,20,82.7
강서구청,False,21,54.7
강서구청,False,22,32.6
강서구청,False,23,12.9
강서구청,False,0,3.2
강서구청,True,1,0.2
강서구청,True,2,0.0
강서구청,True,3,0.0
강서구청,True,4,0.4
강서구청,True,5,35.8
강서구청,True,6,77.8
강서구청,True,7,84.7
강서구청,True,8,103.1
강서구청,True,9,131.9
강서구청,True,10,177.1
강서구청,True,11,205.0
강서구청,True,12,196.9
강서구청,True,13,219.1
강서구청,True,14,209.0
강서구청,True,15,212.8
강서구청,True,16,199.0
강서구청,True,17,173.7
강서구청,True,18,118.2
강서구청,True,19,76.2
강서구청,True,20,54.4
강서구청,True,21,37.4
강서구청,True,22,25.2
강서구청,True,23,12.4
강서구청,True,0,3.6
개금,False,1,0.2
개금,False,2,0.2
개금,False,3,0.0
개금,False,4,1.1
개금,False,5,117.6
개금,False,6,252.1
개금,False,7,629.5
개금,False,8,964.0
개금,False,9,621.9
개금,False,10,540.9
개금,False,11,536.0
개금,False,12,540.1
개금,False,13,554.9
개금,False,14,543.6
개금,False,15,598.4
개금,False,16,632.4
개금,False,17,822.8
개금,False,18,823.1
개금,False,19,368.7
개금,False,20,268.7
개금,False,21,211.5
개금,False,22,172.1
개금,False,23,106.0
개금,False,0,15.6
개금,True,1,0.4
개금,True,2,0.0
개금,True,3,0.0
개금,True,4,0.9
개금,True,5,81.7
개금,True,6,123.5
개금,True,7,182.3
개금,True,8,292.5
개금,True,9,363.2
개금,True,10,362.6
개금,True,11,401.6
개금,True,12,414.5
개금,True,13,416.9
개금,True,14,402.7
개금,True,15,411.5
개금,True,16,449.2
개금,True,17,435.5
개금,True,18,351.4
개금,True,19,257.4
개금,True,20,232.1
개금,True,21,189.6
개금,True,22,155.6
개금,True,23,103.1
개금,True,0,17.3
거제,False,1,0.1
거제,False,2,0.2
거제,False,3,0.1
거제,False,4,0.1
거제,False,5,58.8
거제,False,6,148.4
거제,False,7,374.7
거제,False,8,849.1
거제,False,9,492.0
거제,False,10,372.8
거제,False,11,387.9
거제,False,12,390.1
거제,False,13,367.4
거제,False,14,408.7
거제,False,15,418.9
거제,False,16,452.3
거제,False,17,589.3
거제,False,18,695.3
거제,False,19,266.1
거제,False,20,182.2
거제,False,21,146.9
거제,False,22,117.4
거제,False,23,52.9
거제,False,0,8.4
거제,True,1,0.3
거제,True,2,0.2
거제,True,3,0.1
거제,True,4,0.0
거제,True,5,35.3
거제,True,6,74.5
거제,True,7,108.3
거제,True,8,214.2
거제,True,9,246.8
거제,True,10,270.3
거제,True,11,313.9
거제,True,12,259.5
거제,True,13,298.4
거제,True,14,265.6
거제,True,15,297.6
거제,True,16,324.3
거제,True,17,285.2
거제,True,18,221.1
거제,True,19,184.4
거제,True,20,157.7
거제,True,21,128.6
거제,True,22,95.5
거제,True,23,51.1
거제,True,0,6.7
경성대부경대,False,1,0.1
경성대부경대,False,2,0.3
경성대부경대,False,3,0.0
경성대부경대,False,4,1.7
경성대부경대,False,5,108.3
경성대부경대,False,6,256.1
경성대부경대,False,7,709.7
경성대부경대,False,8,1769.9
경성대부경대,False,9,1453.1
경성대부경대,False,10,922.0
경성대부경대,False,11,852.2
경성대부경대,False,12,1057.3
경성대부경대,False,13,1073.5
경성대부경대,False,14,1049.8
경성대부경대,False,15,1167.4
경성대부경대,False,16,1470.9
경성대부경대,False,17,1670.3
경성대부경대,False,18,1838.7
경성대부경대,False,19,927.0
경성대부경대,False,20,712.1
경성대부경대,False,21,693.8
경성대부경대,False,22,581.0
경성대부경대,False,23,351.6
경성대부경대,False,0,52.7
경성대부경대,True,1,0.5
경성대부경대,True,2,0.1
경성대부경대,True,3,0.0
경성대부경대,True,4,1.5
경성대부경대,True,5,84.0
경성대부경대,True,6,156.4
경성대부경대,True,7,227.0
경성대부경대,True,8,460.2
경성대부경대,True,9,624.6
경성대부경대,True,10,636.6
경성대부경대,True,11,697.8
경성대부경대,True,12,809.3
경성대부경대,True,13,839.7
경성대부경대,True,14,847.5
경성대부경대,True,15,886.3
경성대부경대,True,16,1004.0
경성대부경대,True,17,982.4
경성대부경대,True,18,847.5
경성대부경대,True,19,682.6
경성대부경대,True,20,589.6
경성대부경대,True,21,583.1
경성대부경대,True,22,512.4
경성대부경대,True,23,315.5
경성대부경대,True,0,54.7
고촌,False,1,0.1
고촌,False,2,0.1
고촌,False,3,0.0
고촌,False,4,1.6
고촌,False,5,6.3
고촌,False,6,19.4
고촌,False,7,57.5
고촌,False,8,68.6
고촌,False,9,31.5
고촌,False,10,29.8
고촌,False,11,37.1
고촌,False,12,35.0
고촌,False,13,32.8
고촌,False,14,31.4
고촌,False,15,33.4
고촌,False,16,33.2
고촌,False,17,37.2
고촌,False,18,46.3
고촌,False,19,18.3
고촌,False,20,11.8
고촌,False,21,9.4
고촌,False,22,6.4
고촌,False,23,4.1
고촌,False,0,3.0
고촌,True,1,0.2
고촌,True,2,0.0
고촌,True,3,0.0
고촌,True,4,1.2
고촌,True,5,5.0
고촌,True,6,13.8
고촌,True,7,20.6
고촌,True,8,28.6
고촌,True,9,31.9
고촌,True,10,33.0
고촌,True,11,33.7
고촌,True,12,31.5
고촌,True,13,28.8
고촌,True,14,29.9
고촌,True,15,29.1
고촌,True,16,28.1
고촌,True,17,29.2
고촌,True,18,19.4
고촌,True,19,15.7
고촌,True,20,10.0
고촌,True,21,8.5
고촌,True,22,6.0
고촌,True,23,4.0
고촌,True,0,2.6
광안,False,1,0.9
광안,False,2,1.8
광안,False,3,0.5
광안,False,4,3.2
광안,False,5,82.5
광안,False,6,198.9
광안,False,7,478.2
광안,False,8,1007.2
광안,False,9,624.3
광안,False,10,545.8
광안,False,11,627.8
광안,False,12,663.1
광안,False,13,672.5
광안,False,14,712.6
광안,False,15,797.1
광안,False,16,878.5
광안,False,17,984.2
광안,False,18,1117.8
광안,False,19,667.8
광안,False,20,505.9
광안,False,21,419.6
광안,False,22,310.8
광안,False,23,169.4
광안,False,0,38.6
광안,True,1,1.6
광안,True,2,2.5
광안,True,3,0.4
광안,True,4,2.9
광안,True,5,64.6
광안,True,6,125.2
광안,True,7,177.3
광안,True,8,347.9
광안,True,9,453.8
광안,True,10,573.1
광안,True,11,722.0
광안,True,12,829.1
광안,True,13,882.2
광안,True,14,909.2
광안,True,15,1012.1
광안,True,16,1092.7
광안,True,17,1131.5
광안,True,18,1036.8
광안,True,19,958.1
광안,True,20,988.3
광안,True,21,744.2
광안,True,22,534.4
광안,True,23,276.8
광안,True,0,48.8
괴정,False,1,0.1
괴정,False,2,0.1
괴정,False,3,0.0
괴정,False,4,6.9
괴정,False,5,88.4
괴정,False,6,237.6
괴정,False,7,480.0
괴정,False,8,762.3
괴정,False,9,537.3
괴정,False,10,530.6
괴정,False,11,639.3
괴정,False,12,649.4
괴정,False,13,647.2
괴정,False,14,664.8
괴정,False,15,745.2
괴정,False,16,772.9
괴정,False,17,852.9
괴정,False,18,822.6
괴정,False,19,404.9
괴정,False,20,284.3
괴정,False,21,235.1
괴정,False,22,177.2
괴정,False,23,79.6
괴정,False,0,24.3
괴정,True,1,0.5
괴정,True,2,0.0
괴정,True,3,0.0
괴정,True,4,6.0
괴정,True,5,66.0
괴정,True,6,127.3
괴정,True,7,161.7
괴정,True,8,288.8
괴정,True,9,373.3
괴정,True,10,452.5
괴정,True,11,508.2
괴정,True,12,589.4
괴정,True,13,593.0
괴정,True,14,558.9
괴정,True,15,599.7
괴정,True,16,605.5
괴정,True,17,573.7
괴정,True,18,446.7
괴정,True,19,312.5
괴정,True,20,265.7
괴정,True,21,207.5
괴정,True,22,165.3
괴정,True,23,82.4
괴정,True,0,27.6
교대,False,1,0.1
교대,False,2,0.2
교대,False,3,0.0
교대,False,4,1.8
교대,False,5,123.8
교대,False,6,337.8
교대,False,7,934.3
교대,False,8,1962.8
교대,False,9,949.3
교대,False,10,719.1
교대,False,11,755.7
교대,False,12,815.9
교대,False,13,759.9
교대,False,14,797.7
교대,False,15,907.5
교대,False,16,1035.7
교대,False,17,1294.9
교대,False,18,1649.4
교대,False,19,719.9
교대,False,20,507.5
교대,False,21,436.0
교대,False,22,295.5
교대,False,23,148.0
교대,False,0,16.9
교대,True,1,0.5
교대,True,2,0.1
교대,True,3,0.0
교대,True,4,1.6
교대,True,5,82.9
교대,True,6,189.7
교대,True,7,271.9
교대,True,8,494.2
교대,True,9,626.9
교대,True,10,717.2
교대,True,11,811.4
교대,True,12,754.8
교대,True,13,860.9
교대,True,14,784.2
교대,True,15,810.4
교대,True,16,826.6
교대,True,17,786.8
교대,True,18,641.3
교대,True,19,541.6
교대,True,20,438.0
교대,True,21,361.8
교대,True,22,269.4
교대,True,23,138.2
교대,True,0,14.6
구남,False,1,0.2
구남,False,2,0.2
구남,False,3,1.7
구남,False,4,2.3
구남,False,5,72.3
구남,False,6,151.1
구남,False,7,333.6
구남,False,8,490.3
구남,False,9,265.4
구남,False,10,226.9
구남,False,11,250.3
구남,False,12,269.6
구남,False,13,258.4
구남,False,14,259.1
구남,False,15,297.2
구남,False,16,362.1
구남,False,17,403.8
구남,False,18,405.5
구남,False,19,220.7
구남,False,20,165.0
구남,False,21,129.6
구남,False,22,96.3
구남,False,23,52.9
구남,False,0,10.2
구남,True,1,0.7
구남,True,2,0.2
구남,True,3,1.3
구남,True,4,1.6
구남,True,5,47.8
구남,True,6,78.4
구남,True,7,112.9
구남,True,8,185.6
구남,True,9,200.5
구남,True,10,215.7
구남,True,11,237.0
구남,True,12,244.7
구남,True,13,238.5
구남,True,14,228.9
구남,True,15,253.5
구남,True,16,262.6
구남,True,17,262.6
구남,True,18,202.6
구남,True,19,151.5
구남,True,20,136.4
구남,True,21,113.0
구남,True,22,85.5
구남,True,23,48.7
구남,True,0,11.3
구명,False,1,0.5
구명,False,2,0.6
구명,False,3,0.2
구명,False,4,2.7
구명,False,5,61.6
구명,False,6,121.3
구명,False,7,257.0
구명,False,8,392.2
구명,False,9,226.3
구명,False,10,178.8
구명,False,11,184.4
구명,False,12,199.1
구명,False,13,191.9
구명,False,14,182.9
구명,False,15,205.2
구명,False,16,268.8
구명,False,17,292.3
구명,False,18,278.7
구명,False,19,144.3
구명,False,20,112.9
구명,False,21,89.4
구명,False,22,71.5
구명,False,23,37.7
구명,False,0,9.1
구명,True,1,0.5
구명,True,2,0.5
구명,True,3,0.0
구명,True,4,1.8
구명,True,5,36.1
구명,True,6,64.0
구명,True,7,81.5
구명,True,8,140.6
구명,True,9,162.1
구명,True,10,177.2
구명,True,11,176.2
구명,True,12,174.4
구명,True,13,163.3
구명,True,14,153.8
구명,True,15,165.7
구명,True,16,180.9
구명,True,17,180.5
구명,True,18,137.3
구명,True,19,103.5
구명,True,20,91.5
구명,True,21,75.8
구명,True,22,61.7
구명,True,23,37.8
구명,True,0,10.0
구서,False,1,0.3
구서,False,2,0.3
구서,False,3,0.0
구서,False,4,3.3
구서,False,5,74.3
구서,False,6,231.8
구서,False,7,623.4
구서,False,8,1016.0
구서,False,9,603.3
구서,False,10,501.8
구서,False,11,546.2
구서,False,12,612.9
구서,False,13,620.7
구서,False,14,572.7
구서,False,15,688.3
구서,False,16,833.0
구서,False,17,904.8
구서,False,18,1039.4
구서,False,19,506.4
구서,False,20,378.4
구서,False,21,328.8
구서,False,22,226.2
구서,False,23,130.6
구서,False,0,26.8
구서,True,1,0.5
구서,True,2,0.1
구서,True,3,0.0
구서,True,4,2.7
구서,True,5,51.2
구서,True,6,120.6
구서,True,7,177.0
구서,True,8,322.6
구서,True,9,402.9
구서,True,10,478.6
구서,True,11,514.9
구서,True,12,557.7
구서,True,13,562.8
구서,True,14,536.9
구서,True,15,555.6
구서,True,16,578.1
구서,True,17,579.9
구서,True,18,502.6
구서,True,19,380.9
구서,True,20,327.5
구서,True,21,268.6
구서,True,22,198.3
구서,True,23,116.6
구서,True,0,25.5
구포,False,1,0.1
구포,False,2,0.2
구포,False,3,0.2
구포,False,4,1.2
구포,False,5,50.2
구포,False,6,134.1
구포,False,7,262.0
구포,False,8,324.1
구포,False,9,184.4
구포,False,10,179.4
구포,False,11,181.2
구포,False,12,198.5
구포,False,13,225.0
구포,False,14,159.6
구포,False,15,219.1
구포,False,16,256.6
구포,False,17,281.2
구포,False,18,338.9
구포,False,19,156.3
구포,False,20,159.9
구포,False,21,89.4
구포,False,22,67.3
구포,False,23,31.1
구포,False,0,6.1
구포,True,1,0.7
구포,True,2,0.2
구포,True,3,0.1
구포,True,4,1.2
구포,True,5,40.1
구포,True,6,89.6
구포,True,7,140.4
구포,True,8,192.1
구포,True,9,231.6
구포,True,10,224.9
구포,True,11,227.7
구포,True,12,273.9
구포,True,13,300.8
구포,True,14,223.7
구포,True,15,263.4
구포,True,16,305.4
구포,True,17,233.5
구포,True,18,233.3
구포,True,19,187.2
구포,True,20,206.9
구포,True,21,121.7
구포,True,22,88.0
구포,True,23,38.7
구포,True,0,7.0
국제금융센터부산은행,False,1,0.1
국제금융센터부산은행,False,2,0.2
국제금융센터부산은행,False,3,0.1
국제금융센터부산은행,False,4,0.2
국제금융센터부산은행,False,5,51.9
국제금융센터부산은행,False,6,110.0
국제금융센터부산은행,False,7,392.5
국제금융센터부산은행,False,8,1230.7
국제금융센터부산은행,False,9,324.0
국제금융센터부산은행,False,10,215.3
국제금융센터부산은행,False,11,247.2
국제금융센터부산은행,False,12,250.6
국제금융센터부산은행,False,13,236.9
국제금융센터부산은행,False,14,249.2
국제금융센터부산은행,False,15,265.0
국제금융센터부산은행,False,16,308.6
국제금융센터부산은행,False,17,488.4
국제금융센터부산은행,False,18,961.8
국제금융센터부산은행,False,19,254.7
국제금융센터부산은행,False,20,176.0
국제금융센터부산은행,False,21,149.0
국제금융센터부산은행,False,22,104.3
국제금융센터부산은행,False,23,51.3
국제금융센터부산은행,False,0,5.5
국제금융센터부산은행,True,1,0.4
국제금융센터부산은행,True,2,0.0
국제금융센터부산은행,True,3,0.0
국제금융센터부산은행,True,4,0.3
국제금융센터부산은행,True,5,30.8
국제금융센터부산은행,True,6,54.3
국제금융센터부산은행,True,7,91.2
국제금융센터부산은행,True,8,132.8
국제금융센터부산은행,True,9,155.4
국제금융센터부산은행,True,10,195.7
국제금융센터부산은행,True,11,224.6
국제금융센터부산은행,True,12,223.5
국제금융센터부산은행,True,13,253.3
국제금융센터부산은행,True,14,214.1
국제금융센터부산은행,True,15,222.5
국제금융센터부산은행,True,16,243.2
국제금융센터부산은행,True,17,255.9
국제금융센터부산은행,True,18,201.0
국제금융센터부산은행,True,19,142.7
국제금융센터부산은행,True,20,113.1
국제금융센터부산은행,True,21,133.8
국제금융센터부산은행,True,22,85.5
국제금융센터부산은행,True,23,44.2
국제금융센터부산은행,True,0,5.9
금곡,False,1,0.2
금곡,False,2,0.1
금곡,False,3,0.0
금곡,False,4,3.6
금곡,False,5,32.5
금곡,False,6,92.5
금곡,False,7,172.4
금곡,False,8,281.4
금곡,False,9,159.7
금곡,False,10,136.4
금곡,False,11,158.2
금곡,False,12,169.7
금곡,False,13,149.4
금곡,False,14,144.7
금곡,False,15,154.3
금곡,False,16,193.2
금곡,False,17,192.0
금곡,False,18,189.1
금곡,False,19,92.4
금곡,False,20,64.1
금곡,False,21,54.0
금곡,False,22,35.8
금곡,False,23,19.2
금곡,False,0,6.9
금곡,True,1,0.4
금곡,True,2,0.1
금곡,True,3,0.0
금곡,True,4,3.1
금곡,True,5,22.0
금곡,True,6,53.3
금곡,True,7,62.5
금곡,True,8,98.9
금곡,True,9,115.7
금곡,True,10,129.8
금곡,True,11,139.2
금곡,True,12,140.3
금곡,True,13,132.7
금곡,True,14,123.4
금곡,True,15,133.6
금곡,True,16,145.1
금곡,True,17,123.0
금곡,True,18,95.5
금곡,True,19,72.5
금곡,True,20,55.1
금곡,True,21,48.4
금곡,True,22,33.2
금곡,True,23,19.5
금곡,True,0,7.1
금련산,False,1,0.1
금련산,False,2,0.2
금련산,False,3,0.0
금련산,False,4,1.0
금련산,False,5,48.9
금련산,False,6,134.4
금련산,False,7,342.3
금련산,False,8,834.4
금련산,False,9,473.9
금련산,False,10,445.6
금련산,False,11,510.5
금련산,False,12,515.7
금련산,False,13,540.3
금련산,False,14,557.9
금련산,False,15,595.7
금련산,False,16,675.5
금련산,False,17,755.1
금련산,False,18,834.3
금련산,False,19,461.0
금련산,False,20,369.4
금련산,False,21,296.9
금련산,False,22,211.8
금련산,False,23,106.3
금련산,False,0,14.5
금련산,True,1,0.7
금련산,True,2,0.1
금련산,True,3,0.0
금련산,True,4,0.7
금련산,True,5,40.5
금련산,True,6,87.7
금련산,True,7,126.6
금련산,True,8,245.5
금련산,True,9,323.3
금련산,True,10,407.3
금련산,True,11,515.4
금련산,True,12,568.6
금련산,True,13,635.8
금련산,True,14,628.2
금련산,True,15,659.8
금련산,True,16,697.6
금련산,True,17,754.9
금련산,True,18,700.3
금련산,True,19,604.8
금련산,True,20,607.6
금련산,True,21,431.2
금련산,True,22,294.4
금련산,True,23,155.2
금련산,True,0,19.8
금사,False,1,0.1
금사,False,2,0.0
금사,False,3,0.0
금사,False,4,1.4
금사,False,5,31.0
금사,False,6,67.9
금사,False,7,206.4
금사,False,8,261.3
금사,False,9,104.3
금사,False,10,75.8
금사,False,11,89.5
금사,False,12,127.0
금사,False,13,118.0
금사,False,14,97.2
금사,False,15,93.6
금사,False,16,120.3
금사,False,17,264.1
금사,False,18,192.0
금사,False,19,58.5
금사,False,20,37.3
금사,False,21,25.4
금사,False,22,13.4
금사,False,23,7.8
금사,False,0,3.1
금사,True,1,0.1
금사,True,2,0.0
금사,True,3,0.0
금사,True,4,0.6
금사,True,5,17.4
금사,True,6,28.7
금사,True,7,51.3
금사,True,8,63.1
금사,True,9,64.2
금사,True,10,60.6
금사,True,11,67.4
금사,True,12,71.8
금사,True,13,67.7
금사,True,14,66.9
금사,True,15,65.2
금사,True,16,77.8
금사,True,17,83.7
금사,True,18,49.9
금사,True,19,36.3
금사,True,20,26.1
금사,True,21,20.7
금사,True,22,12.1
금사,True,23,7.8
금사,True,0,3.5
낙민,False,1,0.1
낙민,False,2,0.0
낙민,False,3,0.0
낙민,False,4,0.2
낙민,False,5,35.9
낙민,False,6,51.6
낙민,False,7,126.3
낙민,False,8,224.4
낙민,False,9,113.0
낙민,False,10,97.4
낙민,False,11,113.9
낙민,False,12,129.6
낙민,False,13,111.9
낙민,False,14,114.9
낙민,False,15,120.5
낙민,False,16,150.9
낙민,False,17,146.1
낙민,False,18,151.6
낙민,False,19,71.7
낙민,False,20,47.1
낙민,False,21,37.6
낙민,False,22,21.0
낙민,False,23,13.9
낙민,False,0,4.4
낙민,True,1,0.2
낙민,True,2,0.0
낙민,True,3,0.0
낙민,True,4,0.2
낙민,True,5,23.0
낙민,True,6,28.6
낙민,True,7,44.7
낙민,True,8,69.5
낙민,True,9,70.7
낙민,True,10,80.3
낙민,True,11,87.4
낙민,True,12,93.8
낙민,True,13,92.7
낙민,True,14,84.2
낙민,True,15,86.1
낙민,True,16,97.7
낙민,True,17,87.2
낙민,True,18,66.2
낙민,True,19,51.2
낙민,True,20,33.9
낙민,True,21,26.5
낙민,True,22,17.6
낙민,True,23,13.3
낙민,True,0,3.8
남산,False,1,0.3
남산,False,2,0.1
남산,False,3,0.0
남산,False,4,4.1
남산,False,5,61.2
남산,False,6,149.0
남산,False,7,280.4
남산,False,8,568.3
남산,False,9,401.7
남산,False,10,321.3
남산,False,11,335.8
남산,False,12,372.6
남산,False,13,353.5
남산,False,14,331.9
남산,False,15,373.4
남산,False,16,418.7
남산,False,17,500.4
남산,False,18,504.1
남산,False,19,282.3
남산,False,20,208.9
남산,False,21,191.1
남산,False,22,162.5
남산,False,23,95.9
남산,False,0,21.8
남산,True,1,0.6
남산,True,2,0.1
남산,True,3,0.0
남산,True,4,2.9
남산,True,5,43.7
남산,True,6,104.7
남산,True,7,117.6
남산,True,8,204.9
남산,True,9,273.5
남산,True,10,311.8
남산,True,11,298.3
남산,True,12,294.1
남산,True,13,314.8
남산,True,14,304.8
남산,True,15,320.6
남산,True,16,347.9
남산,True,17,347.6
남산,True,18,272.9
남산,True,19,228.5
남산,True,20,191.0
남산,True,21,184.5
남산,True,22,134.4
남산,True,23,98.4
남산,True,0,24.5
남산정,False,1,0.3
남산정,False,2,0.3
남산정,False,3,0.0
남산정,False,4,0.6
남산정,False,5,104.2
남산정,False,6,176.8
남산정,False,7,398.8
남산정,False,8,559.7
남산정,False,9,339.8
남산정,False,10,282.7
남산정,False,11,308.5
남산정,False,12,320.8
남산정,False,13,325.0
남산정,False,14,295.9
남산정,False,15,328.7
남산정,False,16,348.9
남산정,False,17,394.6
남산정,False,18,387.3
남산정,False,19,194.7
남산정,False,20,133.5
남산정,False,21,107.7
남산정,False,22,64.9
남산정,False,23,44.0
남산정,False,0,8.9
남산정,True,1,0.3
남산정,True,2,0.2
남산정,True,3,0.0
남산정,True,4,0.6
남산정,True,5,72.3
남산정,True,6,90.6
남산정,True,7,131.7
남산정,True,8,202.8
남산정,True,9,254.1
남산정,True,10,272.2
남산정,True,11,296.5
남산정,True,12,292.1
남산정,True,13,288.4
남산정,True,14,283.4
남산정,True,15,282.2
남산정,True,16,290.2
남산정,True,17,258.7
남산정,True,18,201.5
남산정,True,19,146.3
남산정,True,20,116.0
남산정,True,21,92.9
남산정,True,22,57.8
남산정,True,23,44.0
남산정,True,0,8.9
남양산,False,1,0.2
남양산,False,2,0.3
남양산,False,3,0.3
남양산,False,4,4.3
남양산,False,5,45.6
남양산,False,6,117.6
남양산,False,7,289.6
남양산,False,8,310.6
남양산,False,9,178.3
남양산,False,10,156.9
남양산,False,11,172.1
남양산,False,12,173.3
남양산,False,13,187.9
남양산,False,14,175.4
남양산,False,15,205.5
남양산,False,16,248.4
남양산,False,17,291.8
남양산,False,18,299.8
남양산,False,19,179.2
남양산,False,20,119.0
남양산,False,21,111.1
남양산,False,22,112.8
남양산,False,23,68.1
남양산,False,0,24.7
남양산,True,1,0.6
남양산,True,2,0.2
남양산,True,3,0.2
남양산,True,4,3.8
남양산,True,5,30.4
남양산,True,6,60.9
남양산,True,7,95.7
남양산,True,8,128.4
남양산,True,9,161.4
남양산,True,10,180.2
남양산,True,11,198.6
남양산,True,12,198.1
남양산,True,13,195.5
남양산,True,14,197.4
남양산,True,15,213.6
남양산,True,16,230.3
남양산,True,17,213.9
남양산,True,18,162.7
남양산,True,19,152.6
남양산,True,20,122.7
남양산,True,21,98.4
남양산,True,22,101.6
남양산,True,23,68.6
남양산,True,0,27.8
남천,False,1,0.2
남천,False,2,0.1
남천,False,3,1.2
남천,False,4,1.0
남천,False,5,59.7
남천,False,6,151.4
남천,False,7,406.8
남천,False,8,867.1
남천,False,9,585.6
남천,False,10,485.6
남천,False,11,524.3
남천,False,12,574.7
남천,False,13,585.0
남천,False,14,530.7
남천,False,15,610.2
남천,False,16,753.2
남천,False,17,771.0
남천,False,18,852.1
남천,False,19,421.5
남천,False,20,295.2
남천,False,21,264.3
남천,False,22,187.0
남천,False,23,93.0
남천,False,0,15.1
남천,True,1,0.2
남천,True,2,0.0
남천,True,3,1.0
남천,True,4,0.6
남천,True,5,44.1
남천,True,6,88.7
남천,True,7,131.2
남천,True,8,264.6
남천,True,9,399.1
남천,True,10,444.2
남천,True,11,477.1
남천,True,12,539.1
남천,True,13,578.9
남천,True,14,533.5
남천,True,15,539.7
남천,True,16,585.3
남천,True,17,518.3
남천,True,18,452.9
남천,True,19,311.6
남천,True,20,264.4
남천,True,21,206.3
남천,True,22,140.4
남천,True,23,76.8
남천,True,0,14.1
남포,False,1,0.4
남포,False,2,0.3
남포,False,3,0.0
남포,False,4,2.9
남포,False,5,119.9
남포,False,6,336.0
남포,False,7,727.4
남포,False,8,1276.3
남포,False,9,953.1
남포,False,10,998.6
남포,False,11,1197.1
남포,False,12,1247.4
남포,False,13,1293.7
남포,False,14,1344.2
남포,False,15,1460.0
남포,False,16,1515.6
남포,False,17,1715.1
남포,False,18,1761.4
남포,False,19,976.3
남포,False,20,833.2
남포,False,21,574.3
남포,False,22,362.1
남포,False,23,164.6
남포,False,0,32.2
남포,True,1,4.5
남포,True,2,0.2
남포,True,3,0.0
남포,True,4,2.9
남포,True,5,92.4
남포,True,6,192.1
남포,True,7,277.4
남포,True,8,497.9
남포,True,9,812.7
남포,True,10,1096.9
남포,True,11,1412.7
남포,True,12,1572.3
남포,True,13,1705.6
남포,True,14,1784.4
남포,True,15,1850.7
남포,True,16,1832.4
남포,True,17,1674.9
남포,True,18,1374.8
남포,True,19,1093.6
남포,True,20,944.7
남포,True,21,625.7
남포,True,22,379.7
남포,True,23,180.3
남포,True,0,37.1
낫개,False,1,0.5
낫개,False,2,0.4
낫개,False,3,0.0
낫개,False,4,8.5
낫개,False,5,63.0
낫개,False,6,159.2
낫개,False,7,350.0
낫개,False,8,459.2
낫개,False,9,317.8
낫개,False,10,302.8
낫개,False,11,333.4
낫개,False,12,329.7
낫개,False,13,331.4
낫개,False,14,327.6
낫개,False,15,368.0
낫개,False,16,393.8
낫개,False,17,431.4
낫개,False,18,434.9
낫개,False,19,259.3
낫개,False,20,176.2
낫개,False,21,155.2
낫개,False,22,117.4
낫개,False,23,70.2
낫개,False,0,22.3
낫개,True,1,0.9
낫개,True,2,0.2
낫개,True,3,0.0
낫개,True,4,7.9
낫개,True,5,47.2
낫개,True,6,82.3
낫개,True,7,120.2
낫개,True,8,190.7
낫개,True,9,236.7
낫개,True,10,256.9
낫개,True,11,294.6
낫개,True,12,311.8
낫개,True,13,293.3
낫개,True,14,290.6
낫개,True,15,306.9
낫개,True,16,312.7
낫개,True,17,301.9
낫개,True,18,247.7
낫개,True,19,190.2
낫개,True,20,161.2
낫개,True,21,145.6
낫개,True,22,109.4
낫개,True,23,63.5
낫개,True,0,22.4
냉정,False,1,0.6
냉정,False,2,0.5
냉정,False,3,0.0
냉정,False,4,1.0
냉정,False,5,72.7
냉정,False,6,136.1
냉정,False,7,318.4
냉정,False,8,698.3
냉정,False,9,512.0
냉정,False,10,354.3
냉정,False,11,308.6
냉정,False,12,366.0
냉정,False,13,375.5
냉정,False,14,365.0
냉정,False,15,406.4
냉정,False,16,514.5
냉정,False,17,605.8
냉정,False,18,550.3
냉정,False,19,254.3
냉정,False,20,207.2
냉정,False,21,196.7
냉정,False,22,164.5
냉정,False,23,133.8
냉정,False,0,22.2
냉정,True,1,0.4
냉정,True,2,0.0
냉정,True,3,0.0
냉정,True,4,1.1
냉정,True,5,54.5
냉정,True,6,77.1
냉정,True,7,115.1
냉정,True,8,212.1
냉정,True,9,225.1
냉정,True,10,227.1
냉정,True,11,243.1
냉정,True,12,247.1
냉정,True,13,270.7
냉정,True,14,256.6
냉정,True,15,275.5
냉정,True,16,300.4
냉정,True,17,299.9
냉정,True,18,239.4
냉정,True,19,179.8
냉정,True,20,170.1
냉정,True,21,169.2
냉정,True,22,148.5
냉정,True,23,127.3
냉정,True,0,25.5
노포,False,1,0.2
노포,False,2,0.4
노포,False,3,0.1
노포,False,4,7.1
노포,False,5,46.1
노포,False,6,280.9
노포,False,7,625.8
노포,False,8,770.3
노포,False,9,679.9
노포,False,10,683.6
노포,False,11,778.8
노포,False,12,763.6
노포,False,13,749.4
노포,False,14,741.1
노포,False,15,732.6
노포,False,16,758.4
노포,False,17,850.5
노포,False,18,794.1
노포,False,19,451.0
노포,False,20,341.2
노포,False,21,299.8
노포,False,22,247.3
노포,False,23,115.2
노포,False,0,26.1
노포,True,1,1.2
노포,True,2,0.2
노포,True,3,0.0
노포,True,4,12.5
노포,True,5,50.8
노포,True,6,241.4
노포,True,7,354.4
노포,True,8,563.2
노포,True,9,778.2
노포,True,10,966.2
노포,True,11,1030.0
노포,True,12,968.2
노포,True,13,973.4
노포,True,14,941.9
노포,True,15,957.1
노포,True,16,899.9
노포,True,17,859.8
노포,True,18,680.3
노포,True,19,559.4
노포,True,20,482.2
노포,True,21,419.0
노포,True,22,302.6
노포,True,23,147.3
노포,True,0,30.4
다대포항,False,1,0.4
다대포항,False,2,0.1
다대포항,False,3,0.0
다대포항,False,4,5.6
다대포항,False,5,44.2
다대포항,False,6,122.4
다대포항,False,7,216.4
다대포항,False,8,298.9
다대포항,False,9,228.5
다대포항,False,10,240.9
다대포항,False,11,280.3
다대포항,False,12,265.4
다대포항,False,13,260.6
다대포항,False,14,285.4
다대포항,False,15,322.8
다대포항,False,16,320.6
다대포항,False,17,337.6
다대포항,False,18,303.2
다대포항,False,19,161.9
다대포항,False,20,109.8
다대포항,False,21,98.0
다대포항,False,22,71.4
다대포항,False,23,33.8
다대포항,False,0,12.1
다대포항,True,1,1.1
다대포항,True,2,0.0
다대포항,True,3,0.1
다대포항,True,4,4.7
다대포항,True,5,34.0
다대포항,True,6,71.7
다대포항,True,7,79.3
다대포항,True,8,125.2
다대포항,True,9,168.6
다대포항,True,10,203.0
다대포항,True,11,259.3
다대포항,True,12,250.7
다대포항,True,13,239.4
다대포항,True,14,243.5
다대포항,True,15,248.3
다대포항,True,16,245.8
다대포항,True,17,236.9
다대포항,True,18,184.7
다대포항,True,19,134.3
다대포항,True,20,110.3
다대포항,True,21,91.5
다대포항,True,22,65.0
다대포항,True,23,32.9
다대포항,True,0,13.3
다대포해수욕장,False,1,0.4
다대포해수욕장,False,2,0.3
다대포해수욕장,False,3,0.2
다대포해수욕장,False,4,13.1
다대포해수욕장,False,5,52.4
다대포해수욕장,False,6,143.8
다대포해수욕장,False,7,304.0
다대포해수욕장,False,8,364.1
다대포해수욕장,False,9,276.3
다대포해수욕장,False,10,290.7
다대포해수욕장,False,11,309.6
다대포해수욕장,False,12,339.6
다대포해수욕장,False,13,337.0
다대포해수욕장,False,14,334.5
다대포해수욕장,False,15,366.2
다대포해수욕장,False,16,367.5
다대포해수욕장,False,17,351.0
다대포해수욕장,False,18,312.7
다대포해수욕장,False,19,202.3
다대포해수욕장,False,20,138.8
다대포해수욕장,False,21,107.4
다대포해수욕장,False,22,89.7
다대포해수욕장,False,23,47.1
다대포해수욕장,False,0,28.0
다대포해수욕장,True,1,1.0
다대포해수욕장,True,2,0.7
다대포해수욕장,True,3,0.3
다대포해수욕장,True,4,11.1
다대포해수욕장,True,5,39.4
다대포해수욕장,True,6,83.8
다대포해수욕장,True,7,117.9
다대포해수욕장,True,8,194.2
다대포해수욕장,True,9,253.4
다대포해수욕장,True,10,319.4
다대포해수욕장,True,11,364.3
다대포해수욕장,True,12,377.2
다대포해수욕장,True,13,394.2
다대포해수욕장,True,14,416.4
다대포해수욕장,True,15,445.9
다대포해수욕장,True,16,427.6
다대포해수욕장,True,17,369.8
다대포해수욕장,True,18,275.8
다대포해수욕장,True,19,205.6
다대포해수욕장,True,20,173.5
다대포해수욕장,True,21,126.0
다대포해수욕장,True,22,92.7
다대포해수욕장,True,23,45.6
다대포해수욕장,True,0,27.4
당리,False,1,0.3
당리,False,2,0.1
당리,False,3,0.0
당리,False,4,8.3
당리,False,5,59.0
당리,False,6,192.5
당리,False,7,369.1
당리,False,8,703.3
당리,False,9,435.1
당리,False,10,431.0
당리,False,11,488.4
당리,False,12,492.3
당리,False,13,511.8
당리,False,14,496.4
당리,False,15,545.0
당리,False,16,601.0
당리,False,17,608.1
당리,False,18,653.6
당리,False,19,304.7
당리,False,20,222.9
당리,False,21,197.8
당리,False,22,124.2
당리,False,23,77.5
당리,False,0,16.7
당리,True,1,0.4
당리,True,2,0.0
당리,True,3,0.0
당리,True,4,6.7
당리,True,5,42.5
당리,True,6,100.1
당리,True,7,129.9
당리,True,8,231.6
당리,True,9,296.1
당리,True,10,344.1
당리,True,11,399.4
당리,True,12,399.2
당리,True,13,414.5
당리,True,14,390.8
당리,True,15,399.3
당리,True,16,409.6
당리,True,17,389.4
당리,True,18,311.0
당리,True,19,227.6
당리,True,20,190.7
당리,True,21,153.8
당리,True,22,108.6
당리,True,23,66.6
당리,True,0,17.0
대연,False,1,0.1
대연,False,2,0.1
대연,False,3,0.1
대연,False,4,2.4
대연,False,5,118.7
대연,False,6,228.1
대연,False,7,525.3
대연,False,8,1086.7
대연,False,9,710.3
대연,False,10,556.4
대연,False,11,591.5
대연,False,12,635.0
대연,False,13,615.0
대연,False,14,647.9
대연,False,15,686.9
대연,False,16,782.2
대연,False,17,896.1
대연,False,18,1039.1
대연,False,19,526.2
대연,False,20,378.2
대연,False,21,351.1
대연,False,22,290.0
대연,False,23,167.6
대연,False,0,15.0
대연,True,1,0.4
대연,True,2,0.0
대연,True,3,0.0
대연,True,4,1.6
대연,True,5,86.0
대연,True,6,146.1
대연,True,7,202.8
대연,True,8,422.3
대연,True,9,513.8
대연,True,10,523.0
대연,True,11,566.3
대연,True,12,587.9
대연,True,13,598.1
대연,True,14,553.6
대연,True,15,588.8
대연,True,16,625.1
대연,True,17,618.8
대연,True,18,513.0
대연,True,19,404.0
대연,True,20,350.8
대연,True,21,331.9
대연,True,22,288.2
대연,True,23,173.1
대연,True,0,17.1
대저,False,1,0.1
대저,False,2,0.1
대저,False,3,0.1
대저,False,4,1.3
대저,False,5,118.3
대저,False,6,363.3
대저,False,7,821.2
대저,False,8,853.6
대저,False,9,430.3
대저,False,10,354.9
대저,False,11,361.9
대저,False,12,357.3
대저,False,13,389.7
대저,False,14,366.3
대저,False,15,425.9
대저,False,16,626.0
대저,False,17,948.3
대저,False,18,1007.5
대저,False,19,417.5
대저,False,20,297.1
대저,False,21,259.9
대저,False,22,175.6
대저,False,23,83.0
대저,False,0,9.3
대저,True,1,0.5
대저,True,2,0.0
대저,True,3,0.0
대저,True,4,1.2
대저,True,5,90.6
대저,True,6,161.0
대저,True,7,233.2
대저,True,8,329.0
대저,True,9,411.5
대저,True,10,433.0
대저,True,11,457.4
대저,True,12,448.6
대저,True,13,426.5
대저,True,14,438.2
대저,True,15,491.8
대저,True,16,544.8
대저,True,17,520.2
대저,True,18,414.5
대저,True,19,304.6
대저,True,20,288.9
대저,True,21,278.4
대저,True,22,175.5
대저,True,23,93.0
대저,True,0,10.7
대티,False,1,0.0
대티,False,2,0.0
대티,False,3,0.0
대티,False,4,6.7
대티,False,5,50.3
대티,False,6,129.5
대티,False,7,263.3
대티,False,8,466.2
대티,False,9,290.1
대티,False,10,271.0
대티,False,11,302.8
대티,False,12,313.2
대티,False,13,293.0
대티,False,14,274.9
대티,False,15,319.2
대티,False,16,334.2
대티,False,17,344.9
대티,False,18,341.8
대티,False,19,184.2
대티,False,20,127.2
대티,False,21,107.5
대티,False,22,78.4
대티,False,23,38.0
대티,False,0,14.2
대티,True,1,0.3
대티,True,2,0.0
대티,True,3,0.0
대티,True,4,5.1
대티,True,5,36.9
대티,True,6,69.9
대티,True,7,87.8
대티,True,8,142.3
대티,True,9,172.2
대티,True,10,201.4
대티,True,11,216.5
대티,True,12,230.8
대티,True,13,223.5
대티,True,14,209.0
대티,True,15,224.8
대티,True,16,233.9
대티,True,17,219.7
대티,True,18,182.6
대티,True,19,135.9
대티,True,20,111.0
대티,True,21,91.4
대티,True,22,68.6
대티,True,23,36.2
대티,True,0,15.6
덕천,False,1,0.2
덕천,False,2,0.2
덕천,False,3,0.1
덕천,False,4,0.9
덕천,False,5,89.8
덕천,False,6,176.3
덕천,False,7,362.2
덕천,False,8,678.6
덕천,False,9,590.6
덕천,False,10,621.6
덕천,False,11,729.1
덕천,False,12,720.5
덕천,False,13,722.2
덕천,False,14,730.4
덕천,False,15,778.9
덕천,False,16,779.5
덕천,False,17,804.9
덕천,False,18,761.6
덕천,False,19,366.3
덕천,False,20,260.9
덕천,False,21,212.4
덕천,False,22,146.4
덕천,False,23,88.2
덕천,False,0,18.7
덕천,True,1,0.7
덕천,True,2,0.2
덕천,True,3,0.0
덕천,True,4,0.9
덕천,True,5,66.2
덕천,True,6,110.4
덕천,True,7,160.1
덕천,True,8,297.9
덕천,True,9,418.1
덕천,True,10,545.7
덕천,True,11,661.5
덕천,True,12,711.9
덕천,True,13,690.7
덕천,True,14,709.6
덕천,True,15,706.6
덕천,True,16,663.0
덕천,True,17,595.7
덕천,True,18,444.1
덕천,True,19,317.4
덕천,True,20,246.8
덕천,True,21,207.6
덕천,True,22,138.6
덕천,True,23,97.8
덕천,True,0,21.2
덕포,False,1,0.3
덕포,False,2,0.2
덕포,False,3,0.1
덕포,False,4,0.5
덕포,False,5,87.4
덕포,False,6,146.3
덕포,False,7,415.7
덕포,False,8,570.5
덕포,False,9,306.7
덕포,False,10,262.5
덕포,False,11,285.5
덕포,False,12,324.8
덕포,False,13,297.3
덕포,False,14,288.7
덕포,False,15,336.8
덕포,False,16,388.8
덕포,False,17,503.6
덕포,False,18,481.7
덕포,False,19,204.2
덕포,False,20,149.6
덕포,False,21,119.0
덕포,False,22,74.4
덕포,False,23,44.4
덕포,False,0,14.6
덕포,True,1,0.0
덕포,True,2,0.0
덕포,True,3,0.0
덕포,True,4,0.2
덕포,True,5,53.1
덕포,True,6,69.1
덕포,True,7,112.0
덕포,True,8,173.3
덕포,True,9,200.5
덕포,True,10,215.4
덕포,True,11,241.7
덕포,True,12,249.2
덕포,True,13,253.8
덕포,True,14,238.6
덕포,True,15,257.7
덕포,True,16,272.4
덕포,True,17,273.5
덕포,True,18,195.2
덕포,True,19,134.4
덕포,True,20,111.4
덕포,True,21,89.4
덕포,True,22,63.2
덕포,True,23,45.6
덕포,True,0,15.5
동대신,False,1,0.2
동대신,False,2,0.2
동대신,False,3,0.0
동대신,False,4,4.0
동대신,False,5,71.3
동대신,False,6,157.8
동대신,False,7,329.5
동대신,False,8,594.4
동대신,False,9,393.7
동대신,False,10,378.3
동대신,False,11,403.6
동대신,False,12,414.3
동대신,False,13,428.3
동대신,False,14,436.5
동대신,False,15,487.4
동대신,False,16,506.0
동대신,False,17,632.6
동대신,False,18,601.6
동대신,False,19,301.9
동대신,False,20,228.2
동대신,False,21,196.9
동대신,False,22,142.2
동대신,False,23,96.0
동대신,False,0,19.5
동대신,True,1,0.4
동대신,True,2,0.1
동대신,True,3,0.0
동대신,True,4,3.1
동대신,True,5,51.7
동대신,True,6,88.8
동대신,True,7,117.3
동대신,True,8,210.0
동대신,True,9,271.9
동대신,True,10,313.6
동대신,True,11,340.2
동대신,True,12,374.5
동대신,True,13,385.5
동대신,True,14,364.2
동대신,True,15,399.4
동대신,True,16,409.4
동대신,True,17,376.9
동대신,True,18,307.9
동대신,True,19,221.0
동대신,True,20,180.0
동대신,True,21,155.0
동대신,True,22,120.2
동대신,True,23,90.1
동대신,True,0,20.6
동래,False,1,0.3
동래,False,2,0.8
동래,False,3,0.1
동래,False,4,1.7
동래,False,5,117.7
동래,False,6,246.2
동래,False,7,503.5
동래,False,8,899.2
동래,False,9,588.6
동래,False,10,547.0
동래,False,11,609.1
동래,False,12,602.9
동래,False,13,625.8
동래,False,14,639.8
동래,False,15,692.3
동래,False,16,764.0
동래,False,17,918.2
동래,False,18,1030.7
동래,False,19,525.2
동래,False,20,402.5
동래,False,21,363.5
동래,False,22,272.2
동래,False,23,164.5
동래,False,0,19.5
동래,True,1,0.8
동래,True,2,0.3
동래,True,3,0.0
동래,True,4,1.3
동래,True,5,100.1
동래,True,6,231.2
동래,True,7,256.4
동래,True,8,365.2
동래,True,9,435.0
동래,True,10,468.6
동래,True,11,561.7
동래,True,12,568.1
동래,True,13,602.9
동래,True,14,582.0
동래,True,15,608.3
동래,True,16,668.7
동래,True,17,723.7
동래,True,18,627.0
동래,True,19,508.1
동래,True,20,452.6
동래,True,21,376.5
동래,True,22,278.6
동래,True,23,181.7
동래,True,0,20.9
동매,False,1,0.2
동매,False,2,0.1
동매,False,3,0.0
동매,False,4,3.7
동매,False,5,47.7
동매,False,6,206.4
동매,False,7,450.3
동매,False,8,472.2
동매,False,9,253.7
동매,False,10,234.6
동매,False,11,252.3
동매,False,12,265.7
동매,False,13,246.6
동매,False,14,237.0
동매,False,15,268.4
동매,False,16,365.5
동매,False,17,427.3
동매,False,18,363.7
동매,False,19,161.9
동매,False,20,119.5
동매,False,21,85.6
동매,False,22,55.7
동매,False,23,27.1
동매,False,0,9.9
동매,True,1,0.3
동매,True,2,0.1
동매,True,3,0.0
동매,True,4,2.6
동매,True,5,33.2
동매,True,6,85.4
동매,True,7,91.0
동매,True,8,145.3
동매,True,9,173.5
동매,True,10,186.2
동매,True,11,198.5
동매,True,12,221.5
동매,True,13,198.7
동매,True,14,197.8
동매,True,15,202.0
동매,True,16,220.2
동매,True,17,208.6
동매,True,18,158.3
동매,True,19,111.5
동매,True,20,92.9
동매,True,21,76.6
동매,True,22,56.8
동매,True,23,28.9
동매,True,0,11.7
동백,False,1,0.3
동백,False,2,0.3
동백,False,3,0.0
동백,False,4,1.2
동백,False,5,39.7
동백,False,6,202.1
동백,False,7,437.6
동백,False,8,707.7
동백,False,9,450.4
동백,False,10,372.3
동백,False,11,408.7
동백,False,12,408.0
동백,False,13,447.1
동백,False,14,425.3
동백,False,15,509.8
동백,False,16,571.7
동백,False,17,679.7
동백,False,18,723.3
동백,False,19,393.8
동백,False,20,276.2
동백,False,21,252.9
동백,False,22,174.4
동백,False,23,88.9
동백,False,0,15.4
동백,True,1,1.0
동백,True,2,0.3
동백,True,3,0.0
동백,True,4,1.2
동백,True,5,26.1
동백,True,6,127.4
동백,True,7,151.1
동백,True,8,252.3
동백,True,9,321.2
동백,True,10,376.4
동백,True,11,427.9
동백,True,12,474.2
동백,True,13,471.8
동백,True,14,488.8
동백,True,15,486.7
동백,True,16,509.5
동백,True,17,481.4
동백,True,18,408.6
동백,True,19,307.3
동백,True,20,254.2
동백,True,21,231.5
동백,True,22,153.1
동백,True,23,83.7
동백,True,0,15.1
동원,False,1,0.4
동원,False,2,0.2
동원,False,3,0.0
동원,False,4,2.2
동원,False,5,22.3
동원,False,6,65.2
동원,False,7,107.2
동원,False,8,162.3
동원,False,9,98.4
동원,False,10,96.4
동원,False,11,106.6
동원,False,12,115.1
동원,False,13,111.0
동원,False,14,98.2
동원,False,15,107.2
동원,False,16,113.0
동원,False,17,123.9
동원,False,18,124.6
동원,False,19,57.0
동원,False,20,43.7
동원,False,21,29.1
동원,False,22,21.3
동원,False,23,12.3
동원,False,0,6.8
동원,True,1,0.1
동원,True,2,0.0
동원,True,3,0.0
동원,True,4,2.2
동원,True,5,17.4
동원,True,6,36.4
동원,True,7,45.2
동원,True,8,64.8
동원,True,9,76.3
동원,True,10,85.5
동원,True,11,94.7
동원,True,12,90.2
동원,True,13,90.8
동원,True,14,82.3
동원,True,15,83.1
동원,True,16,85.5
동원,True,17,78.8
동원,True,18,66.9
동원,True,19,44.7
동원,True,20,35.2
동원,True,21,27.4
동원,True,22,18.0
동원,True,23,11.7
동원,True,0,6.0
동의대,False,1,0.1
동의대,False,2,0.1
동의대,False,3,0.0
동의대,False,4,0.5
동의대,False,5,82.8
동의대,False,6,150.3
동의대,False,7,377.1
동의대,False,8,740.7
동의대,False,9,578.1
동의대,False,10,451.9
동의대,False,11,407.8
동의대,False,12,484.9
동의대,False,13,454.7
동의대,False,14,458.0
동의대,False,15,529.7
동의대,False,16,596.1
동의대,False,17,614.9
동의대,False,18,558.5
동의대,False,19,267.0
동의대,False,20,206.3
동의대,False,21,187.3
동의대,False,22,152.8
동의대,False,23,102.2
동의대,False,0,14.8
동의대,True,1,0.2
동의대,True,2,0.0
동의대,True,3,0.0
동의대,True,4,0.4
동의대,True,5,60.8
동의대,True,6,79.4
동의대,True,7,130.7
동의대,True,8,211.5
동의대,True,9,274.4
동의대,True,10,258.3
동의대,True,11,308.6
동의대,True,12,293.6
동의대,True,13,296.2
동의대,True,14,277.1
동의대,True,15,291.4
동의대,True,16,329.7
동의대,True,17,312.6
동의대,True,18,241.8
동의대,True,19,182.4
동의대,True,20,165.3
동의대,True,21,159.7
동의대,True,22,120.0
동의대,True,23,89.3
동의대,True,0,14.9
두실,False,1,0.3
두실,False,2,0.3
두실,False,3,0.1
두실,False,4,2.5
두실,False,5,64.3
두실,False,6,198.8
두실,False,7,439.1
두실,False,8,793.3
두실,False,9,488.5
두실,False,10,396.2
두실,False,11,424.0
두실,False,12,447.2
두실,False,13,442.9
두실,False,14,434.5
두실,False,15,490.8
두실,False,16,506.8
두실,False,17,588.1
두실,False,18,594.2
두실,False,19,297.1
두실,False,20,218.3
두실,False,21,187.9
두실,False,22,135.2
두실,False,23,89.9
두실,False,0,19.0
두실,True,1,0.5
두실,True,2,0.2
두실,True,3,0.0
두실,True,4,2.2
두실,True,5,45.4
두실,True,6,122.4
두실,True,7,157.4
두실,True,8,275.1
두실,True,9,348.1
두실,True,10,374.8
두실,True,11,369.3
두실,True,12,393.0
두실,True,13,379.6
두실,True,14,345.3
두실,True,15,346.5
두실,True,16,358.5
두실,True,17,368.9
두실,True,18,290.5
두실,True,19,226.3
두실,True,20,180.6
두실,True,21,170.2
두실,True,22,116.3
두실,True,23,87.2
두실,True,0,20.1
만덕,False,1,0.0
만덕,False,2,0.0
만덕,False,3,0.0
만덕,False,4,0.8
만덕,False,5,98.8
만덕,False,6,209.6
만덕,False,7,520.9
만덕,False,8,706.2
만덕,False,9,397.0
만덕,False,10,330.2
만덕,False,11,351.5
만덕,False,12,366.7
만덕,False,13,356.0
만덕,False,14,348.6
만덕,False,15,415.0
만덕,False,16,465.3
만덕,False,17,571.9
만덕,False,18,664.2
만덕,False,19,324.4
만덕,False,20,218.4
만덕,False,21,184.7
만덕,False,22,121.3
만덕,False,23,79.5
만덕,False,0,20.2
만덕,True,1,0.2
만덕,True,2,0.0
만덕,True,3,0.0
만덕,True,4,0.5
만덕,True,5,70.4
만덕,True,6,101.6
만덕,True,7,156.7
만덕,True,8,231.5
만덕,True,9,280.9
만덕,True,10,310.9
만덕,True,11,321.3
만덕,True,12,322.0
만덕,True,13,331.7
만덕,True,14,328.2
만덕,True,15,331.6
만덕,True,16,371.9
만덕,True,17,348.7
만덕,True,18,283.8
만덕,True,19,216.3
만덕,True,20,177.3
만덕,True,21,169.8
만덕,True,22,99.8
만덕,True,23,72.7
만덕,True,0,20.0
망미,False,1,0.1
망미,False,2,0.2
망미,False,3,0.0
망미,False,4,1.9
망미,False,5,74.9
망미,False,6,136.6
망미,False,7,310.4
망미,False,8,547.7
망미,False,9,327.2
망미,False,10,270.2
망미,False,11,302.5
망미,False,12,311.3
망미,False,13,308.5
망미,False,14,304.9
망미,False,15,326.4
망미,False,16,389.4
망미,False,17,430.9
망미,False,18,457.3
망미,False,19,216.0
망미,False,20,149.0
망미,False,21,117.7
망미,False,22,87.1
망미,False,23,43.9
망미,False,0,9.9
망미,True,1,0.6
망미,True,2,0.1
망미,True,3,0.0
망미,True,4,1.5
망미,True,5,56.4
망미,True,6,81.2
망미,True,7,106.4
망미,True,8,176.3
망미,True,9,216.4
망미,True,10,229.8
망미,True,11,255.9
망미,True,12,264.2
망미,True,13,260.9
망미,True,14,255.2
망미,True,15,255.5
망미,True,16,289.5
망미,True,17,277.3
망미,True,18,212.4
망미,True,19,159.6
망미,True,20,128.3
망미,True,21,100.8
망미,True,22,73.0
망미,True,23,42.0
망미,True,0,9.9
명륜,False,1,0.1
명륜,False,2,0.1
명륜,False,3,0.0
명륜,False,4,2.3
명륜,False,5,117.0
명륜,False,6,239.5
명륜,False,7,664.1
명륜,False,8,1175.8
명륜,False,9,671.2
명륜,False,10,575.7
명륜,False,11,608.8
명륜,False,12,656.7
명륜,False,13,674.5
명륜,False,14,656.2
명륜,False,15,746.1
명륜,False,16,866.0
명륜,False,17,975.2
명륜,False,18,1143.0
명륜,False,19,560.6
명륜,False,20,448.5
명륜,False,21,350.2
명륜,False,22,258.7
명륜,False,23,134.6
명륜,False,0,19.3
명륜,True,1,0.6
명륜,True,2,0.0
명륜,True,3,0.0
명륜,True,4,2.0
명륜,True,5,71.2
명륜,True,6,125.8
명륜,True,7,179.5
명륜,True,8,372.9
명륜,True,9,513.4
명륜,True,10,503.9
명륜,True,11,585.8
명륜,True,12,645.9
명륜,True,13,672.3
명륜,True,14,660.2
명륜,True,15,681.8
명륜,True,16,741.2
명륜,True,17,702.9
명륜,True,18,574.6
명륜,True,19,417.2
명륜,True,20,402.0
명륜,True,21,284.6
명륜,True,22,213.7
명륜,True,23,123.2
명륜,True,0,20.6
명장,False,1,0.0
명장,False,2,0.0
명장,False,3,0.0
명장,False,4,1.2
명장,False,5,60.3
명장,False,6,97.8
명장,False,7,215.0
명장,False,8,335.3
명장,False,9,202.7
명장,False,10,189.2
명장,False,11,211.1
명장,False,12,215.2
명장,False,13,220.4
명장,False,14,195.8
명장,False,15,225.9
명장,False,16,255.6
명장,False,17,265.3
명장,False,18,275.6
명장,False,19,127.5
명장,False,20,91.3
명장,False,21,67.0
명장,False,22,45.5
명장,False,23,28.6
명장,False,0,10.3
명장,True,1,0.3
명장,True,2,0.0
명장,True,3,0.0
명장,True,4,1.0
명장,True,5,47.7
명장,True,6,60.4
명장,True,7,78.2
명장,True,8,129.1
명장,True,9,144.4
명장,True,10,155.2
명장,True,11,172.9
명장,True,12,179.1
명장,True,13,178.0
명장,True,14,162.1
명장,True,15,170.0
명장,True,16,184.5
명장,True,17,176.8
명장,True,18,133.6
명장,True,19,94.7
명장,True,20,77.2
명장,True,21,56.1
명장,True,22,41.1
명장,True,23,26.4
명장,True,0,12.1
모덕,False,1,0.2
모덕,False,2,0.2
모덕,False,3,0.0
모덕,False,4,0.5
모덕,False,5,28.3
모덕,False,6,82.8
모덕,False,7,350.9
모덕,False,8,348.1
모덕,False,9,95.3
모덕,False,10,70.3
모덕,False,11,79.7
모덕,False,12,88.0
모덕,False,13,93.6
모덕,False,14,85.9
모덕,False,15,119.3
모덕,False,16,128.0
모덕,False,17,364.7
모덕,False,18,267.5
모덕,False,19,73.0
모덕,False,20,58.3
모덕,False,21,26.7
모덕,False,22,13.5
모덕,False,23,9.8
모덕,False,0,3.7
모덕,True,1,0.2
모덕,True,2,0.2
모덕,True,3,0.0
모덕,True,4,0.3
모덕,True,5,15.8
모덕,True,6,23.5
모덕,True,7,54.0
모덕,True,8,52.2
모덕,True,9,42.5
모덕,True,10,49.6
모덕,True,11,48.3
모덕,True,12,62.2
모덕,True,13,48.7
모덕,True,14,44.9
모덕,True,15,49.1
모덕,True,16,54.2
모덕,True,17,60.8
모덕,True,18,41.5
모덕,True,19,27.2
모덕,True,20,19.6
모덕,True,21,16.4
모덕,True,22,11.6
모덕,True,23,8.5
모덕,True,0,4.3
모라,False,1,0.3
모라,False,2,0.1
모라,False,3,0.0
모라,False,4,2.7
모라,False,5,79.9
모라,False,6,159.6
모라,False,7,382.3
모라,False,8,556.6
모라,False,9,307.5
모라,False,10,258.0
모라,False,11,318.8
모라,False,12,327.2
모라,False,13,308.8
모라,False,14,289.3
모라,False,15,316.0
모라,False,16,338.3
모라,False,17,461.3
모라,False,18,479.5
모라,False,19,199.6
모라,False,20,129.8
모라,False,21,96.8
모라,False,22,62.5
모라,False,23,38.3
모라,False,0,11.5
모라,True,1,0.5
모라,True,2,0.4
모라,True,3,0.1
모라,True,4,1.9
모라,True,5,52.5
모라,True,6,75.5
모라,True,7,116.1
모라,True,8,169.8
모라,True,9,214.4
모라,True,10,229.0
모라,True,11,280.0
모라,True,12,276.6
모라,True,13,260.4
모라,True,14,246.0
모라,True,15,248.5
모라,True,16,261.8
모라,True,17,258.0
모라,True,18,195.0
모라,True,19,144.9
모라,True,20,104.6
모라,True,21,83.7
모라,True,22,57.4
모라,True,23,39.9
모라,True,0,11.7
못골,False,1,0.2
못골,False,2,0.1
못골,False,3,0.0
못골,False,4,0.6
못골,False,5,74.5
못골,False,6,183.2
못골,False,7,376.3
못골,False,8,677.3
못골,False,9,329.9
못골,False,10,270.6
못골,False,11,278.5
못골,False,12,289.1
못골,False,13,300.3
못골,False,14,306.9
못골,False,15,349.7
못골,False,16,484.3
못골,False,17,482.6
못골,False,18,581.1
못골,False,19,249.7
못골,False,20,177.0
못골,False,21,154.5
못골,False,22,101.0
못골,False,23,57.9
못골,False,0,5.9
못골,True,1,0.1
못골,True,2,0.1
못골,True,3,0.0
못골,True,4,0.3
못골,True,5,47.7
못골,True,6,96.8
못골,True,7,112.8
못골,True,8,192.5
못골,True,9,250.4
못골,True,10,260.8
못골,True,11,297.9
못골,True,12,316.3
못골,True,13,308.8
못골,True,14,276.1
못골,True,15,283.6
못골,True,16,323.2
못골,True,17,286.4
못골,True,18,231.6
못골,True,19,176.4
못골,True,20,152.3
못골,True,21,121.3
못골,True,22,79.5
못골,True,23,50.8
못골,True,0,5.5
문현,False,1,0.1
문현,False,2,0.1
문현,False,3,0.0
문현,False,4,1.7
문현,False,5,68.1
문현,False,6,154.3
문현,False,7,326.7
문현,False,8,675.6
문현,False,9,334.3
문현,False,10,247.8
문현,False,11,256.1
문현,False,12,269.0
문현,False,13,273.0
문현,False,14,273.7
문현,False,15,290.4
문현,False,16,378.3
문현,False,17,460.9
문현,False,18,615.3
문현,False,19,254.3
문현,False,20,183.1
문현,False,21,159.5
문현,False,22,109.2
문현,False,23,70.8
문현,False,0,6.6
문현,True,1,0.5
문현,True,2,0.2
문현,True,3,0.0
문현,True,4,1.0
문현,True,5,50.9
문현,True,6,85.8
문현,True,7,110.8
문현,True,8,186.4
문현,True,9,251.7
문현,True,10,321.0
문현,True,11,322.4
문현,True,12,350.0
문현,True,13,354.5
문현,True,14,310.7
문현,True,15,310.1
문현,True,16,322.9
문현,True,17,322.8
문현,True,18,315.5
문현,True,19,175.9
문현,True,20,155.0
문현,True,21,127.1
문현,True,22,94.5
문현,True,23,64.2
문현,True,0,7.3
물만골,False,1,0.1
물만골,False,2,0.1
물만골,False,3,0.0
물만골,False,4,0.4
물만골,False,5,60.4
물만골,False,6,122.3
물만골,False,7,248.6
물만골,False,8,463.2
물만골,False,9,263.5
물만골,False,10,230.4
물만골,False,11,242.1
물만골,False,12,254.0
물만골,False,13,252.4
물만골,False,14,249.6
물만골,False,15,276.2
물만골,False,16,313.2
물만골,False,17,337.1
물만골,False,18,395.8
물만골,False,19,176.2
물만골,False,20,123.5
물만골,False,21,102.5
물만골,False,22,65.8
물만골,False,23,39.8
물만골,False,0,5.3
물만골,True,1,0.3
물만골,True,2,0.1
물만골,True,3,0.0
물만골,True,4,0.4
물만골,True,5,42.6
물만골,True,6,66.7
물만골,True,7,88.5
물만골,True,8,155.1
물만골,True,9,192.9
물만골,True,10,201.4
물만골,True,11,210.3
물만골,True,12,219.2
물만골,True,13,224.3
물만골,True,14,207.9
물만골,True,15,207.9
물만골,True,16,232.4
물만골,True,17,203.2
물만골,True,18,168.4
물만골,True,19,122.6
물만골,True,20,97.4
물만골,True,21,85.4
물만골,True,22,55.7
물만골,True,23,35.7
물만골,True,0,5.1
미남,False,1,0.5
미남,False,2,0.4
미남,False,3,0.4
미남,False,4,0.5
미남,False,5,174.3
미남,False,6,338.0
미남,False,7,794.5
미남,False,8,1265.9
미남,False,9,666.5
미남,False,10,514.7
미남,False,11,533.9
미남,False,12,561.4
미남,False,13,588.2
미남,False,14,560.2
미남,False,15,634.8
미남,False,16,735.8
미남,False,17,945.9
미남,False,18,1070.5
미남,False,19,524.2
미남,False,20,372.2
미남,False,21,309.2
미남,False,22,243.7
미남,False,23,125.6
미남,False,0,26.9
미남,True,1,1.0
미남,True,2,0.2
미남,True,3,0.1
미남,True,4,0.4
미남,True,5,115.8
미남,True,6,169.2
미남,True,7,240.7
미남,True,8,420.8
미남,True,9,475.7
미남,True,10,463.0
미남,True,11,510.0
미남,True,12,520.0
미남,True,13,569.0
미남,True,14,510.9
미남,True,15,528.6
미남,True,16,569.9
미남,True,17,581.5
미남,True,18,455.6
미남,True,19,331.8
미남,True,20,302.7
미남,True,21,252.8
미남,True,22,195.3
미남,True,23,117.5
미남,True,0,24.2
민락,False,1,0.6
민락,False,2,0.3
민락,False,3,0.0
민락,False,4,1.0
민락,False,5,29.1
민락,False,6,87.6
민락,False,7,245.8
민락,False,8,402.9
민락,False,9,243.8
민락,False,10,182.9
민락,False,11,218.7
민락,False,12,216.0
민락,False,13,223.3
민락,False,14,216.5
민락,False,15,262.8
민락,False,16,292.5
민락,False,17,336.0
민락,False,18,379.4
민락,False,19,199.0
민락,False,20,140.6
민락,False,21,118.4
민락,False,22,93.8
민락,False,23,42.7
민락,False,0,8.7
민락,True,1,0.2
민락,True,2,0.0
민락,True,3,0.0
민락,True,4,0.8
민락,True,5,20.0
민락,True,6,55.1
민락,True,7,78.5
민락,True,8,130.2
민락,True,9,168.1
민락,True,10,195.3
민락,True,11,216.4
민락,True,12,228.0
민락,True,13,230.2
민락,True,14,233.8
민락,True,15,228.7
민락,True,16,258.5
민락,True,17,241.2
민락,True,18,202.3
민락,True,19,148.2
민락,True,20,130.4
민락,True,21,101.5
민락,True,22,82.8
민락,True,23,39.0
민락,True,0,8.2
반여농산물시장,False,1,0.1
반여농산물시장,False,2,0.1
반여농산물시장,False,3,0.0
반여농산물시장,False,4,2.8
반여농산물시장,False,5,34.8
반여농산물시장,False,6,92.5
반여농산물시장,False,7,166.0
반여농산물시장,False,8,215.3
반여농산물시장,False,9,109.5
반여농산물시장,False,10,130.2
반여농산물시장,False,11,142.7
반여농산물시장,False,12,135.9
반여농산물시장,False,13,137.0
반여농산물시장,False,14,138.3
반여농산물시장,False,15,136.5
반여농산물시장,False,16,134.2
반여농산물시장,False,17,180.7
반여농산물시장,False,18,162.3
반여농산물시장,False,19,62.6
반여농산물시장,False,20,50.3
반여농산물시장,False,21,27.5
반여농산물시장,False,22,17.2
반여농산물시장,False,23,9.9
반여농산물시장,False,0,7.2
반여농산물시장,True,1,0.2
반여농산물시장,True,2,0.1
반여농산물시장,True,3,0.0
반여농산물시장,True,4,2.5
반여농산물시장,True,5,21.8
반여농산물시장,True,6,49.8
반여농산물시장,True,7,59.6
반여농산물시장,True,8,96.5
반여농산물시장,True,9,97.8
반여농산물시장,True,10,112.8
반여농산물시장,True,11,121.6
반여농산물시장,True,12,125.1
반여농산물시장,True,13,116.1
반여농산물시장,True,14,116.1
반여농산물시장,True,15,111.6
반여농산물시장,True,16,101.8
반여농산물시장,True,17,97.4
반여농산물시장,True,18,62.1
반여농산물시장,True,19,39.0
반여농산물시장,True,20,31.7
반여농산물시장,True,21,20.3
반여농산물시장,True,22,15.6
반여농산물시장,True,23,9.4
반여농산물시장,True,0,6.6
배산,False,1,0.2
배산,False,2,0.2
배산,False,3,0.0
배산,False,4,2.1
배산,False,5,85.2
배산,False,6,136.7
배산,False,7,289.1
배산,False,8,473.4
배산,False,9,306.0
배산,False,10,268.2
배산,False,11,293.4
배산,False,12,310.6
배산,False,13,303.8
배산,False,14,296.9
배산,False,15,320.6
배산,False,16,375.6
배산,False,17,358.9
배산,False,18,390.6
배산,False,19,200.4
배산,False,20,146.8
배산,False,21,108.9
배산,False,22,83.8
배산,False,23,42.0
배산,False,0,13.1
배산,True,1,0.3
배산,True,2,0.1
배산,True,3,0.0
배산,True,4,1.9
배산,True,5,58.1
배산,True,6,79.5
배산,True,7,117.0
배산,True,8,181.8
배산,True,9,213.3
배산,True,10,228.3
배산,True,11,242.7
배산,True,12,251.9
배산,True,13,255.6
배산,True,14,238.0
배산,True,15,252.9
배산,True,16,256.8
배산,True,17,248.7
배산,True,18,200.2
배산,True,19,146.6
배산,True,20,127.7
배산,True,21,97.6
배산,True,22,73.4
배산,True,23,38.9
배산,True,0,12.8
범내골,False,1,0.3
범내골,False,2,0.0
범내골,False,3,0.0
범내골,False,4,0.4
범내골,False,5,108.5
범내골,False,6,230.9
범내골,False,7,577.8
범내골,False,8,1703.9
범내골,False,9,908.5
범내골,False,10,666.0
범내골,False,11,634.3
범내골,False,12,605.3
범내골,False,13,667.0
범내골,False,14,643.5
범내골,False,15,688.6
범내골,False,16,747.3
범내골,False,17,1006.9
범내골,False,18,1237.3
범내골,False,19,458.7
범내골,False,20,330.1
범내골,False,21,280.6
범내골,False,22,205.4
범내골,False,23,107.1
범내골,False,0,10.1
범내골,True,1,1.0
범내골,True,2,0.0
범내골,True,3,0.1
범내골,True,4,0.6
범내골,True,5,69.9
범내골,True,6,127.7
범내골,True,7,186.8
범내골,True,8,350.8
범내골,True,9,415.8
범내골,True,10,486.3
범내골,True,11,489.0
범내골,True,12,524.6
범내골,True,13,527.9
범내골,True,14,476.2
범내골,True,15,462.0
범내골,True,16,476.8
범내골,True,17,460.9
범내골,True,18,378.2
범내골,True,19,277.2
범내골,True,20,235.3
범내골,True,21,207.2
범내골,True,22,158.3
범내골,True,23,102.9
범내골,True,0,10.8
범어사,False,1,0.2
범어사,False,2,0.2
범어사,False,3,0.1
범어사,False,4,4.9
범어사,False,5,56.3
범어사,False,6,228.1
범어사,False,7,462.2
범어사,False,8,831.3
범어사,False,9,583.8
범어사,False,10,510.4
범어사,False,11,570.0
범어사,False,12,617.1
범어사,False,13,526.3
범어사,False,14,493.3
범어사,False,15,537.7
범어사,False,16,613.9
범어사,False,17,601.5
범어사,False,18,572.5
범어사,False,19,289.9
범어사,False,20,207.1
범어사,False,21,172.2
범어사,False,22,123.3
범어사,False,23,60.9
범어사,False,0,24.1
범어사,True,1,0.6
범어사,True,2,0.3
범어사,True,3,0.1
범어사,True,4,4.0
범어사,True,5,42.0
범어사,True,6,155.8
범어사,True,7,190.5
범어사,True,8,350.6
범어사,True,9,500.4
범어사,True,10,531.6
범어사,True,11,531.5
범어사,True,12,517.6
범어사,True,13,496.9
범어사,True,14,490.6
범어사,True,15,490.4
범어사,True,16,476.3
범어사,True,17,425.9
범어사,True,18,324.3
범어사,True,19,231.5
범어사,True,20,192.5
범어사,True,21,155.1
범어사,True,22,115.3
범어사,True,23,61.5
범어사,True,0,24.3
범일,False,1,0.2
범일,False,2,0.2
범일,False,3,0.0
범일,False,4,1.3
범일,False,5,108.5
범일,False,6,249.6
범일,False,7,526.6
범일,False,8,1395.6
범일,False,9,1066.1
범일,False,10,996.1
범일,False,11,1158.7
범일,False,12,1155.8
범일,False,13,1251.4
범일,False,14,1275.9
범일,False,15,1273.4
범일,False,16,1270.9
범일,False,17,1355.7
범일,False,18,1396.8
범일,False,19,597.6
범일,False,20,435.3
범일,False,21,308.4
범일,False,22,188.9
범일,False,23,105.5
범일,False,0,8.1
범일,True,1,0.7
범일,True,2,0.0
범일,True,3,0.0
범일,True,4,1.6
범일,True,5,83.4
범일,True,6,160.9
범일,True,7,219.5
범일,True,8,418.2
범일,True,9,655.2
범일,True,10,842.5
범일,True,11,999.4
범일,True,12,1042.1
범일,True,13,1119.3
범일,True,14,1107.9
범일,True,15,1067.0
범일,True,16,1012.4
범일,True,17,869.2
범일,True,18,719.4
범일,True,19,464.9
범일,True,20,374.8
범일,True,21,256.9
범일,True,22,169.0
범일,True,23,102.7
범일,True,0,9.7
벡스코,False,1,0.2
벡스코,False,2,0.5
벡스코,False,3,0.0
벡스코,False,4,0.6
벡스코,False,5,64.7
벡스코,False,6,327.1
벡스코,False,7,662.1
벡스코,False,8,1028.1
벡스코,False,9,755.3
벡스코,False,10,642.9
벡스코,False,11,615.7
벡스코,False,12,650.8
벡스코,False,13,663.0
벡스코,False,14,669.7
벡스코,False,15,711.8
벡스코,False,16,845.3
벡스코,False,17,925.4
벡스코,False,18,942.6
벡스코,False,19,516.1
벡스코,False,20,366.2
벡스코,False,21,311.5
벡스코,False,22,205.3
벡스코,False,23,121.6
벡스코,False,0,16.4
벡스코,True,1,1.0
벡스코,True,2,0.2
벡스코,True,3,0.1
벡스코,True,4,0.5
벡스코,True,5,43.9
벡스코,True,6,199.5
벡스코,True,7,246.8
벡스코,True,8,526.0
벡스코,True,9,573.3
벡스코,True,10,878.8
벡스코,True,11,741.3
벡스코,True,12,939.4
벡스코,True,13,781.2
벡스코,True,14,891.1
벡스코,True,15,813.9
벡스코,True,16,836.9
벡스코,True,17,756.6
벡스코,True,18,573.7
벡스코,True,19,469.8
벡스코,True,20,450.4
벡스코,True,21,332.0
벡스코,True,22,203.0
벡스코,True,23,104.8
벡스코,True,0,15.7
부산대,False,1,0.2
부산대,False,2,0.1
부산대,False,3,0.0
부산대,False,4,1.7
부산대,False,5,126.5
부산대,False,6,227.2
부산대,False,7,666.1
부산대,False,8,1475.3
부산대,False,9,941.8
부산대,False,10,866.6
부산대,False,11,827.6
부산대,False,12,916.6
부산대,False,13,951.1
부산대,False,14,896.9
부산대,False,15,1019.6
부산대,False,16,1255.0
부산대,False,17,1406.4
부산대,False,18,1631.9
부산대,False,19,851.8
부산대,False,20,635.0
부산대,False,21,619.5
부산대,False,22,459.0
부산대,False,23,290.7
부산대,False,0,40.2
부산대,True,1,0.8
부산대,True,2,0.1
부산대,True,3,0.0
부산대,True,4,1.6
부산대,True,5,91.7
부산대,True,6,135.3
부산대,True,7,194.9
부산대,True,8,352.5
부산대,True,9,518.2
부산대,True,10,606.1
부산대,True,11,712.8
부산대,True,12,831.6
부산대,True,13,928.0
부산대,True,14,914.9
부산대,True,15,943.9
부산대,True,16,994.3
부산대,True,17,1040.6
부산대,True,18,877.3
부산대,True,19,692.5
부산대,True,20,583.5
부산대,True,21,521.4
부산대,True,22,394.3
부산대,True,23,252.2
부산대,True,0,44.0
부산대양산캠퍼스,False,1,0.1
부산대양산캠퍼스,False,2,0.1
부산대양산캠퍼스,False,3,0.2
부산대양산캠퍼스,False,4,2.3
부산대양산캠퍼스,False,5,16.8
부산대양산캠퍼스,False,6,69.4
부산대양산캠퍼스,False,7,174.7
부산대양산캠퍼스,False,8,217.9
부산대양산캠퍼스,False,9,139.4
부산대양산캠퍼스,False,10,127.2
부산대양산캠퍼스,False,11,113.0
부산대양산캠퍼스,False,12,121.7
부산대양산캠퍼스,False,13,119.3
부산대양산캠퍼스,False,14,118.0
부산대양산캠퍼스,False,15,125.9
부산대양산캠퍼스,False,16,147.4
부산대양산캠퍼스,False,17,174.8
부산대양산캠퍼스,False,18,141.3
부산대양산캠퍼스,False,19,66.0
부산대양산캠퍼스,False,20,41.9
부산대양산캠퍼스,False,21,33.9
부산대양산캠퍼스,False,22,36.8
부산대양산캠퍼스,False,23,22.4
부산대양산캠퍼스,False,0,8.5
부산대양산캠퍼스,True,1,0.3
부산대양산캠퍼스,True,2,0.1
부산대양산캠퍼스,True,3,0.1
부산대양산캠퍼스,True,4,1.1
부산대양산캠퍼스,True,5,10.0
부산대양산캠퍼스,True,6,24.8
부산대양산캠퍼스,True,7,36.7
부산대양산캠퍼스,True,8,54.5
부산대양산캠퍼스,True,9,64.2
부산대양산캠퍼스,True,10,70.4
부산대양산캠퍼스,True,11,70.4
부산대양산캠퍼스,True,12,67.7
부산대양산캠퍼스,True,13,72.0
부산대양산캠퍼스,True,14,68.5
부산대양산캠퍼스,True,15,72.9
부산대양산캠퍼스,True,16,76.4
부산대양산캠퍼스,True,17,73.0
부산대양산캠퍼스,True,18,53.8
부산대양산캠퍼스,True,19,44.5
부산대양산캠퍼스,True,20,39.1
부산대양산캠퍼스,True,21,31.8
부산대양산캠퍼스,True,22,34.0
부산대양산캠퍼스,True,23,22.7
부산대양산캠퍼스,True,0,10.1
부산역,False,1,0.4
부산역,False,2,0.3
부산역,False,3,0.1
부산역,False,4,2.7
부산역,False,5,174.7
부산역,False,6,385.2
부산역,False,7,925.4
부산역,False,8,2286.2
부산역,False,9,1456.2
부산역,False,10,1324.1
부산역,False,11,1476.5
부산역,False,12,1507.3
부산역,False,13,1659.4
부산역,False,14,1453.4
부산역,False,15,1636.4
부산역,False,16,1846.3
부산역,False,17,2091.6
부산역,False,18,2394.2
부산역,False,19,1367.9
부산역,False,20,1028.5
부산역,False,21,811.1
부산역,False,22,582.3
부산역,False,23,264.5
부산역,False,0,20.4
부산역,True,1,5.3
부산역,True,2,0.0
부산역,True,3,0.0
부산역,True,4,2.2
부산역,True,5,170.7
부산역,True,6,328.0
부산역,True,7,577.1
부산역,True,8,1020.5
부산역,True,9,1408.1
부산역,True,10,1645.8
부산역,True,11,1836.0
부산역,True,12,1778.0
부산역,True,13,2001.9
부산역,True,14,1818.2
부산역,True,15,1968.9
부산역,True,16,2099.7
부산역,True,17,1988.1
부산역,True,18,1801.7
부산역,True,19,1671.8
부산역,True,20,1329.1
부산역,True,21,1123.0
부산역,True,22,810.4
부산역,True,23,377.0
부산역,True,0,33.7
부산진,False,1,0.5
부산진,False,2,0.6
부산진,False,3,0.5
부산진,False,4,1.1
부산진,False,5,93.3
부산진,False,6,165.0
부산진,False,7,433.5
부산진,False,8,1081.3
부산진,False,9,579.1
부산진,False,10,465.9
부산진,False,11,507.0
부산진,False,12,499.5
부산진,False,13,545.6
부산진,False,14,521.4
부산진,False,15,532.3
부산진,False,16,567.0
부산진,False,17,700.1
부산진,False,18,868.3
부산진,False,19,308.8
부산진,False,20,221.8
부산진,False,21,181.6
부산진,False,22,112.7
부산진,False,23,62.9
부산진,False,0,8.4
부산진,True,1,0.9
부산진,True,2,0.6
부산진,True,3,0.3
부산진,True,4,1.1
부산진,True,5,59.5
부산진,True,6,88.2
부산진,True,7,136.3
부산진,True,8,242.5
부산진,True,9,300.2
부산진,True,10,308.8
부산진,True,11,346.2
부산진,True,12,360.0
부산진,True,13,366.2
부산진,True,14,332.9
부산진,True,15,337.9
부산진,True,16,354.7
부산진,True,17,348.6
부산진,True,18,274.9
부산진,True,19,206.1
부산진,True,20,164.6
부산진,True,21,129.6
부산진,True,22,86.1
부산진,True,23,54.8
부산진,True,0,9.0
부암,False,1,0.2
부암,False,2,0.3
부암,False,3,0.0
부암,False,4,1.4
부암,False,5,105.6
부암,False,6,205.9
부암,False,7,447.4
부암,False,8,916.3
부암,False,9,464.7
부암,False,10,353.7
부암,False,11,349.3
부암,False,12,345.0
부암,False,13,349.2
부암,False,14,355.8
부암,False,15,408.8
부암,False,16,452.1
부암,False,17,583.2
부암,False,18,632.2
부암,False,19,276.3
부암,False,20,203.1
부암,False,21,169.6
부암,False,22,121.5
부암,False,23,52.6
부암,False,0,10.4
부암,True,1,0.1
부암,True,2,0.1
부암,True,3,0.0
부암,True,4,1.2
부암,True,5,70.4
부암,True,6,116.1
부암,True,7,158.4
부암,True,8,291.5
부암,True,9,316.0
부암,True,10,316.5
부암,True,11,337.8
부암,True,12,347.4
부암,True,13,385.5
부암,True,14,317.4
부암,True,15,332.2
부암,True,16,361.8
부암,True,17,327.2
부암,True,18,254.0
부암,True,19,191.9
부암,True,20,157.9
부암,True,21,154.7
부암,True,22,102.8
부암,True,23,52.2
부암,True,0,11.0
부전,False,1,0.3
부전,False,2,0.2
부전,False,3,0.0
부전,False,4,0.4
부전,False,5,158.0
부전,False,6,331.2
부전,False,7,700.7
부전,False,8,1435.8
부전,False,9,1178.9
부전,False,10,1206.3
부전,False,11,1374.6
부전,False,12,1517.6
부전,False,13,1584.4
부전,False,14,1496.0
부전,False,15,1560.1
부전,False,16,1534.8
부전,False,17,1424.1
부전,False,18,1404.7
부전,False,19,616.9
부전,False,20,422.8
부전,False,21,315.2
부전,False,22,234.3
부전,False,23,113.4
부전,False,0,10.7
부전,True,1,0.5
부전,True,2,0.1
부전,True,3,0.0
부전,True,4,0.4
부전,True,5,113.0
부전,True,6,206.4
부전,True,7,323.7
부전,True,8,541.6
부전,True,9,835.1
부전,True,10,1074.0
부전,True,11,1259.4
부전,True,12,1414.5
부전,True,13,1519.5
부전,True,14,1431.0
부전,True,15,1448.1
부전,True,16,1346.1
부전,True,17,1107.5
부전,True,18,808.2
부전,True,19,521.9
부전,True,20,422.7
부전,True,21,279.2
부전,True,22,234.6
부전,True,23,118.2
부전,True,0,11.4
사상,False,1,0.5
사상,False,2,0.3
사상,False,3,0.1
사상,False,4,1.4
사상,False,5,230.5
사상,False,6,559.3
사상,False,7,1215.8
사상,False,8,1888.8
사상,False,9,1328.1
사상,False,10,1167.6
사상,False,11,1299.1
사상,False,12,1411.9
사상,False,13,1405.2
사상,False,14,1385.3
사상,False,15,1524.3
사상,False,16,1702.5
사상,False,17,2122.0
사상,False,18,2253.7
사상,False,19,1233.2
사상,False,20,939.4
사상,False,21,839.3
사상,False,22,590.8
사상,False,23,263.8
사상,False,0,52.5
사상,True,1,0.5
사상,True,2,0.1
사상,True,3,0.0
사상,True,4,1.5
사상,True,5,194.1
사상,True,6,381.3
사상,True,7,587.0
사상,True,8,887.1
사상,True,9,1211.1
사상,True,10,1369.2
사상,True,11,1649.3
사상,True,12,1676.5
사상,True,13,1690.3
사상,True,14,1704.4
사상,True,15,1732.8
사상,True,16,1836.7
사상,True,17,1826.3
사상,True,18,1615.3
사상,True,19,1285.3
사상,True,20,1192.7
사상,True,21,1040.7
사상,True,22,660.6
사상,True,23,320.2
사상,True,0,62.9
사직,False,1,0.4
사직,False,2,0.2
사직,False,3,0.0
사직,False,4,0.1
사직,False,5,94.5
사직,False,6,203.4
사직,False,7,567.4
사직,False,8,822.4
사직,False,9,462.0
사직,False,10,376.5
사직,False,11,401.9
사직,False,12,424.5
사직,False,13,454.2
사직,False,14,410.6
사직,False,15,484.8
사직,False,16,623.2
사직,False,17,864.1
사직,False,18,986.9
사직,False,19,393.4
사직,False,20,299.3
사직,False,21,439.0
사직,False,22,291.6
사직,False,23,130.3
사직,False,0,25.9
사직,True,1,1.0
사직,True,2,0.1
사직,True,3,0.0
사직,True,4,0.0
사직,True,5,60.3
사직,True,6,100.7
사직,True,7,160.3
사직,True,8,277.5
사직,True,9,359.1
사직,True,10,372.7
사직,True,11,480.6
사직,True,12,589.6
사직,True,13,542.5
사직,True,14,468.1
사직,True,15,551.7
사직,True,16,761.2
사직,True,17,608.9
사직,True,18,389.5
사직,True,19,319.0
사직,True,20,425.6
사직,True,21,355.2
사직,True,22,179.8
사직,True,23,122.4
사직,True,0,21.3
사하,False,1,0.4
사하,False,2,0.3
사하,False,3,0.0
사하,False,4,6.4
사하,False,5,41.9
사하,False,6,139.2
사하,False,7,285.1
사하,False,8,434.6
사하,False,9,270.3
사하,False,10,241.8
사하,False,11,270.2
사하,False,12,267.5
사하,False,13,280.8
사하,False,14,264.2
사하,False,15,307.2
사하,False,16,337.0
사하,False,17,365.8
사하,False,18,341.6
사하,False,19,187.1
사하,False,20,136.9
사하,False,21,115.3
사하,False,22,85.7
사하,False,23,40.1
사하,False,0,12.0
사하,True,1,0.2
사하,True,2,0.0
사하,True,3,0.0
사하,True,4,5.9
사하,True,5,30.1
사하,True,6,68.1
사하,True,7,86.1
사하,True,8,156.2
사하,True,9,192.2
사하,True,10,217.3
사하,True,11,232.7
사하,True,12,242.8
사하,True,13,254.6
사하,True,14,236.0
사하,True,15,243.5
사하,True,16,249.0
사하,True,17,250.8
사하,True,18,194.9
사하,True,19,135.8
사하,True,20,113.3
사하,True,21,94.8
사하,True,22,70.9
사하,True,23,37.9
사하,True,0,12.9
서대신,False,1,0.0
서대신,False,2,0.0
서대신,False,3,0.0
서대신,False,4,3.2
서대신,False,5,41.4
서대신,False,6,98.0
서대신,False,7,266.9
서대신,False,8,433.2
서대신,False,9,251.7
서대신,False,10,232.2
서대신,False,11,225.5
서대신,False,12,234.1
서대신,False,13,250.8
서대신,False,14,240.5
서대신,False,15,274.7
서대신,False,16,295.9
서대신,False,17,308.2
서대신,False,18,322.8
서대신,False,19,154.7
서대신,False,20,115.6
서대신,False,21,91.7
서대신,False,22,67.3
서대신,False,23,40.2
서대신,False,0,11.7
서대신,True,1,0.2
서대신,True,2,0.0
서대신,True,3,0.0
서대신,True,4,2.7
서대신,True,5,28.4
서대신,True,6,48.8
서대신,True,7,86.0
서대신,True,8,140.3
서대신,True,9,179.8
서대신,True,10,198.2
서대신,True,11,208.3
서대신,True,12,220.6
서대신,True,13,239.8
서대신,True,14,213.4
서대신,True,15,218.0
서대신,True,16,210.9
서대신,True,17,209.8
서대신,True,18,159.6
서대신,True,19,113.4
서대신,True,20,92.9
서대신,True,21,71.1
서대신,True,22,57.7
서대신,True,23,38.7
서대신,True,0,10.5
서동,False,1,0.1
서동,False,2,0.1
서동,False,3,0.0
서동,False,4,2.1
서동,False,5,45.8
서동,False,6,66.7
서동,False,7,191.9
서동,False,8,257.3
서동,False,9,149.1
서동,False,10,148.2
서동,False,11,167.1
서동,False,12,182.7
서동,False,13,175.6
서동,False,14,173.4
서동,False,15,179.6
서동,False,16,196.6
서동,False,17,248.1
서동,False,18,210.3
서동,False,19,90.8
서동,False,20,63.3
서동,False,21,46.0
서동,False,22,29.6
서동,False,23,19.2
서동,False,0,5.7
서동,True,1,0.1
서동,True,2,0.0
서동,True,3,0.0
서동,True,4,0.7
서동,True,5,32.6
서동,True,6,44.9
서동,True,7,69.4
서동,True,8,93.7
서동,True,9,105.6
서동,True,10,119.2
서동,True,11,144.9
서동,True,12,142.5
서동,True,13,145.0
서동,True,14,129.7
서동,True,15,139.0
서동,True,16,145.0
서동,True,17,139.1
서동,True,18,103.2
서동,True,19,75.1
서동,True,20,61.9
서동,True,21,41.6
서동,True,22,28.9
서동,True,23,19.6
서동,True,0,5.1
서면,False,1,0.6
서면,False,2,0.4
서면,False,3,0.2
서면,False,4,3.5
서면,False,5,204.3
서면,False,6,297.7
서면,False,7,647.9
서면,False,8,1771.6
서면,False,9,1730.9
서면,False,10,1697.2
서면,False,11,2068.2
서면,False,12,2269.1
서면,False,13,2406.7
서면,False,14,2400.6
서면,False,15,2560.4
서면,False,16,2658.0
서면,False,17,2923.0
서면,False,18,3201.3
서면,False,19,1777.0
서면,False,20,1436.2
서면,False,21,1175.4
서면,False,22,876.7
서면,False,23,526.9
서면,False,0,41.5
서면,True,1,2.2
서면,True,2,0.2
서면,True,3,0.3
서면,True,4,4.5
서면,True,5,212.2
서면,True,6,265.2
서면,True,7,349.1
서면,True,8,709.8
서면,True,9,1274.4
서면,True,10,1632.7
서면,True,11,2259.6
서면,True,12,2552.8
서면,True,13,2705.6
서면,True,14,2778.5
서면,True,15,2837.1
서면,True,16,2909.3
서면,True,17,2771.5
서면,True,18,2327.7
서면,True,19,1851.4
서면,True,20,1586.7
서면,True,21,1290.4
서면,True,22,934.4
서면,True,23,644.1
서면,True,0,58.0
석대,False,1,0.1
석대,False,2,0.1
석대,False,3,0.0
석대,False,4,0.2
석대,False,5,1.3
석대,False,6,3.8
석대,False,7,13.5
석대,False,8,11.7
석대,False,9,5.4
석대,False,10,7.0
석대,False,11,11.9
석대,False,12,9.3
석대,False,13,9.6
석대,False,14,17.3
석대,False,15,16.6
석대,False,16,9.2
석대,False,17,9.7
석대,False,18,5.6
석대,False,19,2.4
석대,False,20,2.2
석대,False,21,0.9
석대,False,22,0.8
석대,False,23,0.6
석대,False,0,0.7
석대,True,1,0.0
석대,True,2,0.0
석대,True,3,0.0
석대,True,4,0.2
석대,True,5,1.1
석대,True,6,2.6
석대,True,7,3.8
석대,True,8,4.3
석대,True,9,4.9
석대,True,10,6.7
석대,True,11,7.7
석대,True,12,7.1
석대,True,13,8.5
석대,True,14,8.8
석대,True,15,8.7
석대,True,16,7.5
석대,True,17,6.3
석대,True,18,3.8
석대,True,19,2.1
석대,True,20,1.7
석대,True,21,1.1
석대,True,22,0.5
석대,True,23,0.5
석대,True,0,0.7
센텀시티,False,1,0.3
센텀시티,False,2,0.3
센텀시티,False,3,0.0
센텀시티,False,4,0.8
센텀시티,False,5,24.6
센텀시티,False,6,211.0
센텀시티,False,7,620.5
센텀시티,False,8,1862.6
센텀시티,False,9,1416.0
센텀시티,False,10,980.1
센텀시티,False,11,1012.7
센텀시티,False,12,1098.3
센텀시티,False,13,1136.9
센텀시티,False,14,1301.4
센텀시티,False,15,1386.4
센텀시티,False,16,1541.5
센텀시티,False,17,1881.6
센텀시티,False,18,2406.5
센텀시티,False,19,1323.8
센텀시티,False,20,1102.0
센텀시티,False,21,559.7
센텀시티,False,22,403.0
센텀시티,False,23,134.0
센텀시티,False,0,14.9
센텀시티,True,1,1.3
센텀시티,True,2,0.2
센텀시티,True,3,0.0
센텀시티,True,4,0.6
센텀시티,True,5,17.0
센텀시티,True,6,142.9
센텀시티,True,7,265.2
센텀시티,True,8,578.1
센텀시티,True,9,1057.3
센텀시티,True,10,1257.0
센텀시티,True,11,1529.4
센텀시티,True,12,1658.4
센텀시티,True,13,1921.3
센텀시티,True,14,2019.9
센텀시티,True,15,2229.3
센텀시티,True,16,2228.8
센텀시티,True,17,1970.3
센텀시티,True,18,1682.5
센텀시티,True,19,1350.5
센텀시티,True,20,1574.0
센텀시티,True,21,676.7
센텀시티,True,22,386.2
센텀시티,True,23,139.2
센텀시티,True,0,17.6
수안,False,1,0.3
수안,False,2,0.4
수안,False,3,0.1
수안,False,4,0.3
수안,False,5,37.6
수안,False,6,74.0
수안,False,7,154.3
수안,False,8,390.7
수안,False,9,306.2
수안,False,10,314.9
수안,False,11,376.9
수안,False,12,392.1
수안,False,13,396.9
수안,False,14,391.2
수안,False,15,393.6
수안,False,16,374.6
수안,False,17,366.9
수안,False,18,313.3
수안,False,19,130.1
수안,False,20,87.2
수안,False,21,60.7
수안,False,22,39.9
수안,False,23,19.7
수안,False,0,5.4
수안,True,1,0.2
수안,True,2,0.0
수안,True,3,0.0
수안,True,4,0.2
수안,True,5,25.6
수안,True,6,36.6
수안,True,7,53.5
수안,True,8,115.5
수안,True,9,147.8
수안,True,10,188.6
수안,True,11,253.1
수안,True,12,312.4
수안,True,13,276.9
수안,True,14,250.6
수안,True,15,248.4
수안,True,16,251.4
수안,True,17,221.6
수안,True,18,159.4
수안,True,19,107.5
수안,True,20,70.2
수안,True,21,50.9
수안,True,22,33.1
수안,True,23,18.7
수안,True,0,5.2
수영,False,1,0.6
수영,False,2,0.7
수영,False,3,0.4
수영,False,4,6.2
수영,False,5,171.4
수영,False,6,355.5
수영,False,7,761.7
수영,False,8,1715.8
수영,False,9,1081.1
수영,False,10,926.2
수영,False,11,968.3
수영,False,12,993.1
수영,False,13,1042.3
수영,False,14,1009.1
수영,False,15,1074.2
수영,False,16,1160.7
수영,False,17,1409.0
수영,False,18,1617.3
수영,False,19,864.9
수영,False,20,623.1
수영,False,21,526.0
수영,False,22,405.7
수영,False,23,227.5
수영,False,0,49.4
수영,True,1,4.2
수영,True,2,0.5
수영,True,3,0.2
수영,True,4,5.5
수영,True,5,133.2
수영,True,6,223.9
수영,True,7,294.9
수영,True,8,569.0
수영,True,9,702.5
수영,True,10,728.4
수영,True,11,845.9
수영,True,12,893.0
수영,True,13,922.9
수영,True,14,868.2
수영,True,15,873.6
수영,True,16,967.2
수영,True,17,951.2
수영,True,18,818.7
수영,True,19,668.8
수영,True,20,575.1
수영,True,21,508.2
수영,True,22,377.1
수영,True,23,237.5
수영,True,0,54.3
수정,False,1,0.2
수정,False,2,0.2
수정,False,3,0.1
수정,False,4,0.5
수정,False,5,59.6
수정,False,6,179.6
수정,False,7,523.4
수정,False,8,709.0
수정,False,9,370.1
수정,False,10,324.6
수정,False,11,351.6
수정,False,12,357.5
수정,False,13,353.9
수정,False,14,344.3
수정,False,15,401.2
수정,False,16,473.6
수정,False,17,554.1
수정,False,18,640.5
수정,False,19,319.8
수정,False,20,221.6
수정,False,21,202.3
수정,False,22,143.0
수정,False,23,85.9
수정,False,0,25.7
수정,True,1,0.6
수정,True,2,0.0
수정,True,3,0.0
수정,True,4,0.4
수정,True,5,40.7
수정,True,6,83.2
수정,True,7,144.1
수정,True,8,233.2
수정,True,9,279.7
수정,True,10,296.7
수정,True,11,335.9
수정,True,12,357.3
수정,True,13,350.4
수정,True,14,328.5
수정,True,15,342.6
수정,True,16,366.6
수정,True,17,348.2
수정,True,18,283.3
수정,True,19,203.6
수정,True,20,172.4
수정,True,21,157.0
수정,True,22,107.4
수정,True,23,75.1
수정,True,0,26.6
숙등,False,1,0.2
숙등,False,2,0.2
숙등,False,3,0.0
숙등,False,4,1.4
숙등,False,5,66.2
숙등,False,6,136.9
숙등,False,7,310.3
숙등,False,8,527.8
숙등,False,9,286.8
숙등,False,10,253.6
숙등,False,11,270.4
숙등,False,12,281.3
숙등,False,13,285.0
숙등,False,14,279.6
숙등,False,15,296.9
숙등,False,16,311.2
숙등,False,17,396.2
숙등,False,18,393.4
숙등,False,19,194.2
숙등,False,20,134.4
숙등,False,21,104.2
숙등,False,22,68.6
숙등,False,23,39.6
숙등,False,0,8.2
숙등,True,1,0.2
숙등,True,2,0.1
숙등,True,3,0.0
숙등,True,4,1.4
숙등,True,5,46.6
숙등,True,6,99.7
숙등,True,7,121.0
숙등,True,8,193.1
숙등,True,9,192.7
숙등,True,10,206.5
숙등,True,11,226.4
숙등,True,12,221.1
숙등,True,13,245.7
숙등,True,14,216.4
숙등,True,15,238.8
숙등,True,16,241.0
숙등,True,17,230.7
숙등,True,18,200.6
숙등,True,19,155.9
숙등,True,20,129.8
숙등,True,21,100.5
숙등,True,22,63.2
숙등,True,23,39.1
숙등,True,0,8.9
시청,False,1,0.2
시청,False,2,0.2
시청,False,3,0.0
시청,False,4,0.5
시청,False,5,153.4
시청,False,6,347.5
시청,False,7,999.7
시청,False,8,2333.1
시청,False,9,1033.1
시청,False,10,807.4
시청,False,11,862.9
시청,False,12,847.4
시청,False,13,958.1
시청,False,14,919.4
시청,False,15,977.2
시청,False,16,1098.6
시청,False,17,1308.4
시청,False,18,1999.4
시청,False,19,752.2
시청,False,20,629.2
시청,False,21,526.8
시청,False,22,351.4
시청,False,23,191.6
시청,False,0,15.0
시청,True,1,0.5
시청,True,2,0.2
시청,True,3,0.0
시청,True,4,0.5
시청,True,5,96.7
시청,True,6,185.6
시청,True,7,290.6
시청,True,8,490.4
시청,True,9,625.0
시청,True,10,684.2
시청,True,11,795.1
시청,True,12,828.0
시청,True,13,855.6
시청,True,14,822.2
시청,True,15,816.5
시청,True,16,844.7
시청,True,17,844.4
시청,True,18,678.4
시청,True,19,537.6
시청,True,20,444.7
시청,True,21,365.7
시청,True,22,274.0
시청,True,23,168.5
시청,True,0,15.4
신장림,False,1,0.2
신장림,False,2,0.1
신장림,False,3,0.1
신장림,False,4,4.4
신장림,False,5,47.1
신장림,False,6,108.5
신장림,False,7,272.8
신장림,False,8,340.2
신장림,False,9,222.1
신장림,False,10,245.1
신장림,False,11,260.4
신장림,False,12,245.9
신장림,False,13,219.6
신장림,False,14,215.5
신장림,False,15,246.4
신장림,False,16,272.7
신장림,False,17,305.7
신장림,False,18,270.1
신장림,False,19,150.5
신장림,False,20,103.0
신장림,False,21,75.5
신장림,False,22,56.4
신장림,False,23,31.8
신장림,False,0,10.6
신장림,True,1,0.4
신장림,True,2,0.2
신장림,True,3,0.0
신장림,True,4,4.0
신장림,True,5,33.0
신장림,True,6,57.2
신장림,True,7,81.7
신장림,True,8,132.3
신장림,True,9,154.8
신장림,True,10,169.2
신장림,True,11,178.7
신장림,True,12,191.2
신장림,True,13,175.4
신장림,True,14,174.3
신장림,True,15,184.9
신장림,True,16,191.8
신장림,True,17,181.8
신장림,True,18,142.3
신장림,True,19,110.1
신장림,True,20,90.7
신장림,True,21,70.8
신장림,True,22,53.8
신장림,True,23,32.1
신장림,True,0,11.7
신평,False,1,0.3
신평,False,2,0.6
신평,False,3,0.2
신평,False,4,22.0
신평,False,5,61.5
신평,False,6,261.8
신평,False,7,611.5
신평,False,8,731.8
신평,False,9,395.7
신평,False,10,345.6
신평,False,11,381.2
신평,False,12,390.5
신평,False,13,411.6
신평,False,14,379.0
신평,False,15,431.2
신평,False,16,511.2
신평,False,17,649.2
신평,False,18,738.0
신평,False,19,344.6
신평,False,20,224.9
신평,False,21,177.8
신평,False,22,128.4
신평,False,23,64.8
신평,False,0,27.6
신평,True,1,0.6
신평,True,2,0.4
신평,True,3,0.1
신평,True,4,17.3
신평,True,5,45.3
신평,True,6,107.8
신평,True,7,166.8
신평,True,8,224.4
신평,True,9,250.1
신평,True,10,284.5
신평,True,11,293.3
신평,True,12,311.8
신평,True,13,312.4
신평,True,14,309.2
신평,True,15,331.9
신평,True,16,348.1
신평,True,17,367.6
신평,True,18,299.2
신평,True,19,223.5
신평,True,20,192.1
신평,True,21,160.9
신평,True,22,122.2
신평,True,23,64.3
신평,True,0,29.8
안평,False,1,0.1
안평,False,2,0.3
안평,False,3,0.0
안평,False,4,3.3
안평,False,5,20.0
안평,False,6,68.2
안평,False,7,144.2
안평,False,8,171.4
안평,False,9,118.4
안평,False,10,107.3
안평,False,11,127.6
안평,False,12,121.0
안평,False,13,128.8
안평,False,14,116.6
안평,False,15,135.9
안평,False,16,143.7
안평,False,17,180.4
안평,False,18,161.6
안평,False,19,76.3
안평,False,20,57.0
안평,False,21,42.5
안평,False,22,33.1
안평,False,23,18.1
안평,False,0,8.9
안평,True,1,0.2
안평,True,2,0.1
안평,True,3,0.0
안평,True,4,2.3
안평,True,5,17.3
안평,True,6,50.8
안평,True,7,62.5
안평,True,8,87.6
안평,True,9,111.8
안평,True,10,113.3
안평,True,11,131.3
안평,True,12,113.6
안평,True,13,120.9
안평,True,14,120.3
안평,True,15,135.3
안평,True,16,133.7
안평,True,17,123.2
안평,True,18,98.1
안평,True,19,61.6
안평,True,20,54.0
안평,True,21,40.6
안평,True,22,30.8
안평,True,23,18.6
안평,True,0,8.6
양산,False,1,0.2
양산,False,2,0.1
양산,False,3,0.6
양산,False,4,8.1
양산,False,5,48.7
양산,False,6,200.8
양산,False,7,406.4
양산,False,8,507.2
양산,False,9,299.4
양산,False,10,310.7
양산,False,11,324.7
양산,False,12,362.1
양산,False,13,374.7
양산,False,14,389.3
양산,False,15,411.7
양산,False,16,450.4
양산,False,17,525.1
양산,False,18,484.8
양산,False,19,311.7
양산,False,20,204.3
양산,False,21,164.5
양산,False,22,134.2
양산,False,23,78.5
양산,False,0,35.1
양산,True,1,1.1
양산,True,2,0.3
양산,True,3,0.3
양산,True,4,7.1
양산,True,5,39.2
양산,True,6,111.9
양산,True,7,148.4
양산,True,8,240.1
양산,True,9,284.9
양산,True,10,344.6
양산,True,11,375.0
양산,True,12,362.0
양산,True,13,396.8
양산,True,14,401.0
양산,True,15,431.7
양산,True,16,423.9
양산,True,17,393.5
양산,True,18,291.5
양산,True,19,255.5
양산,True,20,204.7
양산,True,21,179.5
양산,True,22,146.0
양산,True,23,88.0
양산,True,0,39.6
양정,False,1,0.2
양정,False,2,0.2
양정,False,3,0.1
양정,False,4,0.5
양정,False,5,176.8
양정,False,6,335.8
양정,False,7,868.5
양정,False,8,1664.2
양정,False,9,1007.1
양정,False,10,735.7
양정,False,11,758.5
양정,False,12,830.7
양정,False,13,865.4
양정,False,14,803.9
양정,False,15,949.2
양정,False,16,1071.2
양정,False,17,1347.3
양정,False,18,1494.0
양정,False,19,677.7
양정,False,20,522.0
양정,False,21,425.5
양정,False,22,307.7
양정,False,23,181.8
양정,False,0,15.2
양정,True,1,0.6
양정,True,2,0.1
양정,True,3,0.0
양정,True,4,0.6
양정,True,5,116.9
양정,True,6,179.6
양정,True,7,243.7
양정,True,8,447.6
양정,True,9,540.8
양정,True,10,555.9
양정,True,11,594.7
양정,True,12,679.0
양정,True,13,676.6
양정,True,14,622.9
양정,True,15,624.0
양정,True,16,689.5
양정,True,17,690.2
양정,True,18,565.8
양정,True,19,430.7
양정,True,20,379.0
양정,True,21,290.5
양정,True,22,237.8
양정,True,23,162.4
양정,True,0,15.2
연산,False,1,0.6
연산,False,2,0.4
연산,False,3,0.4
연산,False,4,1.7
연산,False,5,160.1
연산,False,6,278.8
연산,False,7,665.2
연산,False,8,1542.4
연산,False,9,1005.9
연산,False,10,821.5
연산,False,11,875.3
연산,False,12,887.4
연산,False,13,939.7
연산,False,14,914.4
연산,False,15,981.2
연산,False,16,1087.6
연산,False,17,1303.0
연산,False,18,1539.2
연산,False,19,721.5
연산,False,20,532.7
연산,False,21,461.3
연산,False,22,322.9
연산,False,23,189.3
연산,False,0,22.0
연산,True,1,0.9
연산,True,2,0.3
연산,True,3,0.2
연산,True,4,1.6
연산,True,5,108.0
연산,True,6,161.9
연산,True,7,229.3
연산,True,8,449.4
연산,True,9,563.6
연산,True,10,631.2
연산,True,11,742.2
연산,True,12,758.6
연산,True,13,779.4
연산,True,14,719.6
연산,True,15,727.2
연산,True,16,786.9
연산,True,17,791.9
연산,True,18,646.5
연산,True,19,515.8
연산,True,20,451.0
연산,True,21,407.5
연산,True,22,284.5
연산,True,23,193.1
연산,True,0,23.1
영산대,False,1,0.1
영산대,False,2,0.2
영산대,False,3,0.0
영산대,False,4,2.7
영산대,False,5,43.1
영산대,False,6,78.6
영산대,False,7,165.0
영산대,False,8,277.0
영산대,False,9,170.8
영산대,False,10,160.7
영산대,False,11,190.7
영산대,False,12,213.7
영산대,False,13,182.7
영산대,False,14,199.4
영산대,False,15,208.5
영산대,False,16,235.4
영산대,False,17,236.4
영산대,False,18,201.0
영산대,False,19,99.7
영산대,False,20,76.4
영산대,False,21,57.4
영산대,False,22,48.5
영산대,False,23,38.8
영산대,False,0,19.1
영산대,True,1,0.2
영산대,True,2,0.0
영산대,True,3,0.0
영산대,True,4,1.9
영산대,True,5,28.9
영산대,True,6,51.2
영산대,True,7,69.4
영산대,True,8,110.0
영산대,True,9,125.9
영산대,True,10,135.4
영산대,True,11,149.4
영산대,True,12,149.3
영산대,True,13,148.8
영산대,True,14,138.6
영산대,True,15,157.6
영산대,True,16,155.9
영산대,True,17,147.6
영산대,True,18,116.6
영산대,True,19,82.6
영산대,True,20,68.4
영산대,True,21,56.1
영산대,True,22,49.6
영산대,True,23,41.9
영산대,True,0,22.9
온천장,False,1,0.6
온천장,False,2,0.7
온천장,False,3,0.0
온천장,False,4,4.7
온천장,False,5,231.1
온천장,False,6,409.3
온천장,False,7,1015.6
온천장,False,8,1724.5
온천장,False,9,1065.4
온천장,False,10,900.9
온천장,False,11,983.9
온천장,False,12,1060.5
온천장,False,13,1059.5
온천장,False,14,1025.3
온천장,False,15,1137.7
온천장,False,16,1248.8
온천장,False,17,1468.3
온천장,False,18,1638.8
온천장,False,19,813.7
온천장,False,20,600.4
온천장,False,21,521.7
온천장,False,22,353.6
온천장,False,23,194.8
온천장,False,0,38.6
온천장,True,1,0.8
온천장,True,2,0.7
온천장,True,3,0.0
온천장,True,4,3.7
온천장,True,5,192.0
온천장,True,6,274.5
온천장,True,7,381.2
온천장,True,8,703.8
온천장,True,9,835.8
온천장,True,10,914.8
온천장,True,11,1010.5
온천장,True,12,1050.4
온천장,True,13,1081.8
온천장,True,14,1061.8
온천장,True,15,1061.8
온천장,True,16,1130.4
온천장,True,17,1080.6
온천장,True,18,906.0
온천장,True,19,660.0
온천장,True,20,539.9
온천장,True,21,493.8
온천장,True,22,316.1
온천장,True,23,188.5
온천장,True,0,40.5
윗반송,False,1,0.1
윗반송,False,2,0.1
윗반송,False,3,0.0
윗반송,False,4,7.8
윗반송,False,5,41.4
윗반송,False,6,77.6
윗반송,False,7,172.6
윗반송,False,8,220.6
윗반송,False,9,148.8
윗반송,False,10,154.5
윗반송,False,11,178.1
윗반송,False,12,195.4
윗반송,False,13,177.4
윗반송,False,14,174.6
윗반송,False,15,180.0
윗반송,False,16,194.0
윗반송,False,17,199.8
윗반송,False,18,180.8
윗반송,False,19,93.4
윗반송,False,20,60.0
윗반송,False,21,48.7
윗반송,False,22,32.2
윗반송,False,23,21.3
윗반송,False,0,11.5
윗반송,True,1,0.3
윗반송,True,2,0.1
윗반송,True,3,0.0
윗반송,True,4,6.3
윗반송,True,5,31.6
윗반송,True,6,52.5
윗반송,True,7,69.8
윗반송,True,8,106.6
윗반송,True,9,129.4
윗반송,True,10,151.1
윗반송,True,11,154.8
윗반송,True,12,163.5
윗반송,True,13,156.8
윗반송,True,14,145.9
윗반송,True,15,147.8
윗반송,True,16,157.6
윗반송,True,17,144.4
윗반송,True,18,109.9
윗반송,True,19,77.2
윗반송,True,20,56.6
윗반송,True,21,47.7
윗반송,True,22,33.6
윗반송,True,23,24.4
윗반송,True,0,13.5
율리,False,1,0.2
율리,False,2,0.2
율리,False,3,0.1
율리,False,4,2.0
율리,False,5,57.7
율리,False,6,156.0
율리,False,7,371.6
율리,False,8,497.7
율리,False,9,289.7
율리,False,10,255.1
율리,False,11,279.9
율리,False,12,285.4
율리,False,13,280.5
율리,False,14,254.6
율리,False,15,302.4
율리,False,16,319.1
율리,False,17,349.9
율리,False,18,412.4
율리,False,19,210.6
율리,False,20,147.9
율리,False,21,119.8
율리,False,22,90.3
율리,False,23,48.5
율리,False,0,17.6
율리,True,1,0.4
율리,True,2,0.0
율리,True,3,0.0
율리,True,4,1.4
율리,True,5,37.4
율리,True,6,84.4
율리,True,7,119.0
율리,True,8,196.3
율리,True,9,224.3
율리,True,10,283.8
율리,True,11,248.7
율리,True,12,288.4
율리,True,13,255.3
율리,True,14,250.4
율리,True,15,251.1
율리,True,16,258.1
율리,True,17,240.7
율리,True,18,197.4
율리,True,19,142.3
율리,True,20,124.6
율리,True,21,106.6
율리,True,22,75.8
율리,True,23,45.1
율리,True,0,16.4
자갈치,False,1,0.4
자갈치,False,2,0.3
자갈치,False,3,0.0
자갈치,False,4,4.2
자갈치,False,5,123.3
자갈치,False,6,223.5
자갈치,False,7,496.4
자갈치,False,8,1032.0
자갈치,False,9,854.9
자갈치,False,10,1066.5
자갈치,False,11,1378.4
자갈치,False,12,1452.6
자갈치,False,13,1456.3
자갈치,False,14,1566.8
자갈치,False,15,1584.9
자갈치,False,16,1475.1
자갈치,False,17,1535.2
자갈치,False,18,1460.5
자갈치,False,19,767.7
자갈치,False,20,583.2
자갈치,False,21,478.0
자갈치,False,22,327.2
자갈치,False,23,173.2
자갈치,False,0,23.8
자갈치,True,1,3.6
자갈치,True,2,0.1
자갈치,True,3,0.1
자갈치,True,4,3.9
자갈치,True,5,101.0
자갈치,True,6,153.6
자갈치,True,7,259.9
자갈치,True,8,481.6
자갈치,True,9,702.0
자갈치,True,10,1023.2
자갈치,True,11,1475.7
자갈치,True,12,1693.6
자갈치,True,13,1707.3
자갈치,True,14,1826.8
자갈치,True,15,1877.8
자갈치,True,16,1770.9
자갈치,True,17,1592.2
자갈치,True,18,1251.2
자갈치,True,19,948.2
자갈치,True,20,706.0
자갈치,True,21,580.1
자갈치,True,22,380.4
자갈치,True,23,206.4
자갈치,True,0,29.8
장림,False,1,0.2
장림,False,2,0.1
장림,False,3,0.0
장림,False,4,3.8
장림,False,5,51.9
장림,False,6,145.3
장림,False,7,397.8
장림,False,8,414.6
장림,False,9,200.1
장림,False,10,174.4
장림,False,11,213.3
장림,False,12,225.8
장림,False,13,292.1
장림,False,14,218.5
장림,False,15,261.0
장림,False,16,305.6
장림,False,17,360.6
장림,False,18,315.8
장림,False,19,174.2
장림,False,20,123.0
장림,False,21,132.3
장림,False,22,70.8
장림,False,23,41.1
장림,False,0,13.5
장림,True,1,0.5
장림,True,2,0.1
장림,True,3,0.0
장림,True,4,3.2
장림,True,5,35.7
장림,True,6,67.8
장림,True,7,92.4
장림,True,8,121.8
장림,True,9,138.8
장림,True,10,151.8
장림,True,11,177.4
장림,True,12,182.5
장림,True,13,185.1
장림,True,14,181.4
장림,True,15,189.7
장림,True,16,195.7
장림,True,17,205.6
장림,True,18,164.5
장림,True,19,119.7
장림,True,20,98.2
장림,True,21,87.8
장림,True,22,67.4
장림,True,23,41.2
장림,True,0,16.1
장산,False,1,0.3
장산,False,2,0.2
장산,False,3,0.0
장산,False,4,3.8
장산,False,5,100.8
장산,False,6,352.5
장산,False,7,1009.9
장산,False,8,1431.2
장산,False,9,946.8
장산,False,10,786.2
장산,False,11,845.8
장산,False,12,883.2
장산,False,13,915.0
장산,False,14,933.6
장산,False,15,1050.3
장산,False,16,1170.8
장산,False,17,1460.5
장산,False,18,1498.6
장산,False,19,907.7
장산,False,20,638.5
장산,False,21,567.5
장산,False,22,448.2
장산,False,23,207.0
장산,False,0,58.8
장산,True,1,1.7
장산,True,2,0.2
장산,True,3,0.0
장산,True,4,3.5
장산,True,5,75.9
장산,True,6,210.1
장산,True,7,308.2
장산,True,8,533.8
장산,True,9,681.3
장산,True,10,779.4
장산,True,11,794.1
장산,True,12,908.5
장산,True,13,972.7
장산,True,14,961.4
장산,True,15,1000.0
장산,True,16,1037.1
장산,True,17,1023.4
장산,True,18,862.6
장산,True,19,674.9
장산,True,20,561.0
장산,True,21,517.9
장산,True,22,386.9
장산,True,23,192.6
장산,True,0,58.4
장전,False,1,0.2
장전,False,2,0.0
장전,False,3,0.0
장전,False,4,2.2
장전,False,5,123.9
장전,False,6,248.2
장전,False,7,595.7
장전,False,8,1128.1
장전,False,9,711.1
장전,False,10,595.9
장전,False,11,633.3
장전,False,12,675.9
장전,False,13,672.5
장전,False,14,633.7
장전,False,15,710.9
장전,False,16,843.0
장전,False,17,960.4
장전,False,18,1057.3
장전,False,19,544.3
장전,False,20,433.6
장전,False,21,423.8
장전,False,22,352.1
장전,False,23,207.4
장전,False,0,41.9
장전,True,1,0.8
장전,True,2,0.1
장전,True,3,0.0
장전,True,4,2.4
장전,True,5,92.4
장전,True,6,153.3
장전,True,7,226.7
장전,True,8,417.9
장전,True,9,545.0
장전,True,10,616.2
장전,True,11,625.4
장전,True,12,620.3
장전,True,13,661.9
장전,True,14,621.2
장전,True,15,662.3
장전,True,16,696.2
장전,True,17,696.7
장전,True,18,532.2
장전,True,19,443.1
장전,True,20,387.4
장전,True,21,354.0
장전,True,22,330.2
장전,True,23,202.4
장전,True,0,47.4
전포,False,1,0.5
전포,False,2,0.5
전포,False,3,0.1
전포,False,4,1.4
전포,False,5,72.5
전포,False,6,146.8
전포,False,7,467.9
전포,False,8,942.8
전포,False,9,452.1
전포,False,10,404.0
전포,False,11,478.9
전포,False,12,563.3
전포,False,13,592.0
전포,False,14,589.2
전포,False,15,665.4
전포,False,16,787.5
전포,False,17,976.6
전포,False,18,1285.4
전포,False,19,681.4
전포,False,20,500.6
전포,False,21,457.7
전포,False,22,349.8
전포,False,23,199.8
전포,False,0,20.9
전포,True,1,0.6
전포,True,2,0.5
전포,True,3,0.0
전포,True,4,1.7
전포,True,5,56.4
전포,True,6,80.8
전포,True,7,142.2
전포,True,8,266.5
전포,True,9,371.5
전포,True,10,453.3
전포,True,11,665.3
전포,True,12,847.3
전포,True,13,875.6
전포,True,14,869.7
전포,True,15,915.7
전포,True,16,987.3
전포,True,17,1017.7
전포,True,18,893.0
전포,True,19,670.6
전포,True,20,547.8
전포,True,21,487.8
전포,True,22,349.3
전포,True,23,232.8
전포,True,0,23.9
종합운동장,False,1,0.6
종합운동장,False,2,0.2
종합운동장,False,3,0.1
종합운동장,False,4,0.4
종합운동장,False,5,72.8
종합운동장,False,6,188.6
종합운동장,False,7,584.1
종합운동장,False,8,869.4
종합운동장,False,9,427.3
종합운동장,False,10,328.5
종합운동장,False,11,347.4
종합운동장,False,12,401.1
종합운동장,False,13,395.7
종합운동장,False,14,425.8
종합운동장,False,15,461.6
종합운동장,False,16,621.0
종합운동장,False,17,774.7
종합운동장,False,18,896.6
종합운동장,False,19,401.0
종합운동장,False,20,288.3
종합운동장,False,21,325.1
종합운동장,False,22,218.0
종합운동장,False,23,139.2
종합운동장,False,0,36.0
종합운동장,True,1,0.4
종합운동장,True,2,0.1
종합운동장,True,3,0.0
종합운동장,True,4,0.3
종합운동장,True,5,55.6
종합운동장,True,6,94.9
종합운동장,True,7,155.3
종합운동장,True,8,285.6
종합운동장,True,9,350.7
종합운동장,True,10,363.9
종합운동장,True,11,433.2
종합운동장,True,12,555.4
종합운동장,True,13,574.4
종합운동장,True,14,494.7
종합운동장,True,15,561.2
종합운동장,True,16,645.8
종합운동장,True,17,509.4
종합운동장,True,18,361.5
종합운동장,True,19,287.6
종합운동장,True,20,299.8
종합운동장,True,21,318.4
종합운동장,True,22,227.4
종합운동장,True,23,133.9
종합운동장,True,0,21.8
좌천,False,1,0.3
좌천,False,2,0.1
좌천,False,3,0.0
좌천,False,4,1.4
좌천,False,5,63.9
좌천,False,6,149.7
좌천,False,7,304.7
좌천,False,8,537.2
좌천,False,9,312.2
좌천,False,10,265.4
좌천,False,11,267.4
좌천,False,12,267.9
좌천,False,13,284.3
좌천,False,14,271.0
좌천,False,15,273.4
좌천,False,16,285.9
좌천,False,17,372.0
좌천,False,18,373.3
좌천,False,19,194.5
좌천,False,20,131.5
좌천,False,21,123.4
좌천,False,22,77.4
좌천,False,23,47.1
좌천,False,0,6.1
좌천,True,1,0.6
좌천,True,2,0.1
좌천,True,3,0.0
좌천,True,4,1.6
좌천,True,5,42.1
좌천,True,6,74.3
좌천,True,7,125.4
좌천,True,8,199.9
좌천,True,9,242.0
좌천,True,10,253.3
좌천,True,11,252.6
좌천,True,12,251.2
좌천,True,13,248.2
좌천,True,14,261.3
좌천,True,15,233.1
좌천,True,16,224.4
좌천,True,17,217.9
좌천,True,18,168.6
좌천,True,19,128.6
좌천,True,20,106.7
좌천,True,21,86.2
좌천,True,22,62.6
좌천,True,23,41.0
좌천,True,0,6.1
주례,False,1,0.4
주례,False,2,0.3
주례,False,3,0.1
주례,False,4,0.4
주례,False,5,93.6
주례,False,6,225.2
주례,False,7,547.1
주례,False,8,754.4
주례,False,9,482.8
주례,False,10,405.9
주례,False,11,421.4
주례,False,12,440.8
주례,False,13,423.8
주례,False,14,439.1
주례,False,15,458.2
주례,False,16,539.4
주례,False,17,709.0
주례,False,18,717.1
주례,False,19,336.7
주례,False,20,242.7
주례,False,21,186.7
주례,False,22,144.1
주례,False,23,77.7
주례,False,0,14.9
주례,True,1,0.3
주례,True,2,0.2
주례,True,3,0.0
주례,True,4,0.4
주례,True,5,69.1
주례,True,6,99.7
주례,True,7,148.1
주례,True,8,258.5
주례,True,9,334.3
주례,True,10,337.0
주례,True,11,357.5
주례,True,12,357.7
주례,True,13,362.8
주례,True,14,336.8
주례,True,15,368.8
주례,True,16,385.2
주례,True,17,389.3
주례,True,18,334.3
주례,True,19,220.9
주례,True,20,181.5
주례,True,21,178.4
주례,True,22,131.3
주례,True,23,78.6
주례,True,0,15.5
중동,False,1,0.6
중동,False,2,0.1
중동,False,3,0.0
중동,False,4,1.7
중동,False,5,43.8
중동,False,6,194.1
중동,False,7,494.1
중동,False,8,780.6
중동,False,9,504.3
중동,False,10,464.8
중동,False,11,461.9
중동,False,12,466.2
중동,False,13,476.5
중동,False,14,502.7
중동,False,15,575.1
중동,False,16,673.3
중동,False,17,727.7
중동,False,18,757.7
중동,False,19,463.1
중동,False,20,334.8
중동,False,21,264.4
중동,False,22,226.1
중동,False,23,97.8
중동,False,0,27.1
중동,True,1,0.6
중동,True,2,0.1
중동,True,3,0.0
중동,True,4,1.9
중동,True,5,31.8
중동,True,6,123.4
중동,True,7,150.0
중동,True,8,304.6
중동,True,9,379.8
중동,True,10,467.3
중동,True,11,502.8
중동,True,12,512.0
중동,True,13,551.0
중동,True,14,521.4
중동,True,15,549.6
중동,True,16,582.3
중동,True,17,548.9
중동,True,18,464.3
중동,True,19,361.0
중동,True,20,317.7
중동,True,21,254.8
중동,True,22,182.0
중동,True,23,89.9
중동,True,0,25.4
중앙,False,1,0.8
중앙,False,2,0.4
중앙,False,3,0.1
중앙,False,4,0.9
중앙,False,5,75.4
중앙,False,6,158.2
중앙,False,7,541.4
중앙,False,8,2225.4
중앙,False,9,683.4
중앙,False,10,438.7
중앙,False,11,497.2
중앙,False,12,476.5
중앙,False,13,549.3
중앙,False,14,501.3
중앙,False,15,518.4
중앙,False,16,628.6
중앙,False,17,1081.9
중앙,False,18,1640.4
중앙,False,19,421.3
중앙,False,20,280.3
중앙,False,21,216.3
중앙,False,22,144.5
중앙,False,23,79.0
중앙,False,0,10.3
중앙,True,1,0.4
중앙,True,2,0.1
중앙,True,3,0.0
중앙,True,4,0.5
중앙,True,5,37.8
중앙,True,6,77.7
중앙,True,7,113.3
중앙,True,8,198.8
중앙,True,9,254.6
중앙,True,10,293.5
중앙,True,11,331.3
중앙,True,12,357.1
중앙,True,13,392.9
중앙,True,14,376.2
중앙,True,15,375.4
중앙,True,16,367.7
중앙,True,17,369.6
중앙,True,18,291.4
중앙,True,19,211.8
중앙,True,20,178.4
중앙,True,21,142.6
중앙,True,22,108.7
중앙,True,23,67.2
중앙,True,0,14.7
증산,False,1,0.3
증산,False,2,0.1
증산,False,3,0.1
증산,False,4,2.2
증산,False,5,41.6
증산,False,6,131.1
증산,False,7,348.9
증산,False,8,418.8
증산,False,9,282.3
증산,False,10,241.4
증산,False,11,247.7
증산,False,12,251.3
증산,False,13,260.9
증산,False,14,263.1
증산,False,15,281.7
증산,False,16,359.0
증산,False,17,404.5
증산,False,18,455.4
증산,False,19,280.5
증산,False,20,185.1
증산,False,21,176.9
증산,False,22,137.4
증산,False,23,71.7
증산,False,0,27.5
증산,True,1,0.4
증산,True,2,0.0
증산,True,3,0.0
증산,True,4,1.6
증산,True,5,29.6
증산,True,6,65.4
증산,True,7,112.6
증산,True,8,168.1
증산,True,9,237.5
증산,True,10,267.6
증산,True,11,284.8
증산,True,12,279.2
증산,True,13,296.7
증산,True,14,287.2
증산,True,15,309.8
증산,True,16,324.2
증산,True,17,317.5
증산,True,18,260.5
증산,True,19,203.3
증산,True,20,185.1
증산,True,21,176.5
증산,True,22,133.0
증산,True,23,73.8
증산,True,0,30.9
지게골,False,1,0.2
지게골,False,2,0.1
지게골,False,3,0.0
지게골,False,4,0.6
지게골,False,5,60.1
지게골,False,6,101.8
지게골,False,7,212.9
지게골,False,8,377.9
지게골,False,9,185.8
지게골,False,10,154.4
지게골,False,11,162.1
지게골,False,12,172.4
지게골,False,13,170.3
지게골,False,14,162.6
지게골,False,15,209.5
지게골,False,16,275.7
지게골,False,17,281.9
지게골,False,18,285.0
지게골,False,19,125.0
지게골,False,20,90.0
지게골,False,21,69.1
지게골,False,22,47.5
지게골,False,23,27.1
지게골,False,0,2.6
지게골,True,1,0.1
지게골,True,2,0.1
지게골,True,3,0.0
지게골,True,4,0.5
지게골,True,5,37.5
지게골,True,6,54.6
지게골,True,7,62.5
지게골,True,8,102.0
지게골,True,9,131.2
지게골,True,10,146.7
지게골,True,11,145.7
지게골,True,12,155.8
지게골,True,13,158.9
지게골,True,14,148.7
지게골,True,15,150.2
지게골,True,16,176.7
지게골,True,17,165.2
지게골,True,18,130.1
지게골,True,19,92.9
지게골,True,20,79.4
지게골,True,21,63.5
지게골,True,22,41.2
지게골,True,23,24.9
지게골,True,0,2.8
체육공원,False,1,0.2
체육공원,False,2,0.1
체육공원,False,3,0.0
체육공원,False,4,0.1
체육공원,False,5,20.6
체육공원,False,6,45.8
체육공원,False,7,79.4
체육공원,False,8,118.2
체육공원,False,9,64.9
체육공원,False,10,61.2
체육공원,False,11,55.4
체육공원,False,12,69.2
체육공원,False,13,60.8
체육공원,False,14,60.8
체육공원,False,15,65.9
체육공원,False,16,92.4
체육공원,False,17,101.5
체육공원,False,18,92.5
체육공원,False,19,27.6
체육공원,False,20,21.0
체육공원,False,21,17.4
체육공원,False,22,9.8
체육공원,False,23,3.7
체육공원,False,0,1.7
체육공원,True,1,0.1
체육공원,True,2,0.0
체육공원,True,3,0.0
체육공원,True,4,0.1
체육공원,True,5,21.4
체육공원,True,6,28.5
체육공원,True,7,38.8
체육공원,True,8,72.9
체육공원,True,9,50.7
체육공원,True,10,83.9
체육공원,True,11,85.8
체육공원,True,12,103.2
체육공원,True,13,113.1
체육공원,True,14,95.8
체육공원,True,15,102.4
체육공원,True,16,100.1
체육공원,True,17,74.4
체육공원,True,18,38.4
체육공원,True,19,22.9
체육공원,True,20,15.1
체육공원,True,21,11.2
체육공원,True,22,7.2
체육공원,True,23,4.0
체육공원,True,0,1.8
초량,False,1,0.5
초량,False,2,0.2
초량,False,3,0.0
초량,False,4,0.4
초량,False,5,74.8
초량,False,6,145.3
초량,False,7,409.6
초량,False,8,1202.5
초량,False,9,469.8
초량,False,10,338.1
초량,False,11,358.5
초량,False,12,351.7
초량,False,13,391.2
초량,False,14,359.2
초량,False,15,405.6
초량,False,16,451.1
초량,False,17,654.8
초량,False,18,881.7
초량,False,19,314.6
초량,False,20,220.2
초량,False,21,186.8
초량,False,22,127.8
초량,False,23,74.6
초량,False,0,8.1
초량,True,1,0.3
초량,True,2,0.1
초량,True,3,0.0
초량,True,4,0.3
초량,True,5,50.6
초량,True,6,80.8
초량,True,7,107.5
초량,True,8,201.3
초량,True,9,224.2
초량,True,10,267.6
초량,True,11,276.9
초량,True,12,303.1
초량,True,13,321.2
초량,True,14,293.6
초량,True,15,283.3
초량,True,16,311.0
초량,True,17,311.0
초량,True,18,260.8
초량,True,19,188.3
초량,True,20,155.4
초량,True,21,133.2
초량,True,22,99.9
초량,True,23,67.1
초량,True,0,8.4
충렬사,False,1,0.1
충렬사,False,2,0.1
충렬사,False,3,0.1
충렬사,False,4,0.8
충렬사,False,5,63.7
충렬사,False,6,94.2
충렬사,False,7,202.2
충렬사,False,8,322.2
충렬사,False,9,254.7
충렬사,False,10,243.3
충렬사,False,11,287.2
충렬사,False,12,280.7
충렬사,False,13,289.9
충렬사,False,14,264.5
충렬사,False,15,280.1
충렬사,False,16,287.3
충렬사,False,17,329.0
충렬사,False,18,290.7
충렬사,False,19,134.6
충렬사,False,20,95.5
충렬사,False,21,72.7
충렬사,False,22,46.1
충렬사,False,23,25.2
충렬사,False,0,8.6
충렬사,True,1,0.1
충렬사,True,2,0.1
충렬사,True,3,0.0
충렬사,True,4,0.9
충렬사,True,5,50.2
충렬사,True,6,60.2
충렬사,True,7,77.4
충렬사,True,8,125.9
충렬사,True,9,147.6
충렬사,True,10,172.3
충렬사,True,11,204.2
충렬사,True,12,219.1
충렬사,True,13,207.1
충렬사,True,14,189.8
충렬사,True,15,197.7
충렬사,True,16,209.5
충렬사,True,17,211.5
충렬사,True,18,164.4
충렬사,True,19,113.0
충렬사,True,20,82.1
충렬사,True,21,62.9
충렬사,True,22,42.1
충렬사,True,23,25.8
충렬사,True,0,8.2
토성,False,1,0.3
토성,False,2,0.1
토성,False,3,0.0
토성,False,4,2.4
토성,False,5,90.6
토성,False,6,215.2
토성,False,7,529.2
토성,False,8,1174.5
토성,False,9,754.2
토성,False,10,796.6
토성,False,11,723.5
토성,False,12,616.7
토성,False,13,734.4
토성,False,14,734.1
토성,False,15,731.8
토성,False,16,775.4
토성,False,17,1013.5
토성,False,18,638.6
토성,False,19,307.7
토성,False,20,225.8
토성,False,21,206.6
토성,False,22,197.3
토성,False,23,131.0
토성,False,0,24.2
토성,True,1,1.0
토성,True,2,0.1
토성,True,3,0.0
토성,True,4,1.8
토성,True,5,61.5
토성,True,6,110.6
토성,True,7,155.4
토성,True,8,252.9
토성,True,9,332.4
토성,True,10,358.5
토성,True,11,376.6
토성,True,12,378.0
토성,True,13,402.9
토성,True,14,390.5
토성,True,15,388.1
토성,True,16,379.0
토성,True,17,364.7
토성,True,18,290.5
토성,True,19,206.5
토성,True,20,168.5
토성,True,21,158.3
토성,True,22,168.8
토성,True,23,115.5
토성,True,0,26.4
하단,False,1,0.2
하단,False,2,0.2
하단,False,3,0.0
하단,False,4,17.8
하단,False,5,117.4
하단,False,6,731.4
하단,False,7,1270.6
하단,False,8,1662.5
하단,False,9,1182.8
하단,False,10,1046.5
하단,False,11,1096.2
하단,False,12,1112.0
하단,False,13,1158.6
하단,False,14,1172.8
하단,False,15,1263.6
하단,False,16,1497.3
하단,False,17,1804.6
하단,False,18,1930.7
하단,False,19,1003.7
하단,False,20,752.7
하단,False,21,627.7
하단,False,22,435.4
하단,False,23,230.1
하단,False,0,56.4
하단,True,1,2.4
하단,True,2,0.1
하단,True,3,0.0
하단,True,4,15.9
하단,True,5,96.5
하단,True,6,308.8
하단,True,7,407.9
하단,True,8,699.0
하단,True,9,854.8
하단,True,10,960.9
하단,True,11,1119.2
하단,True,12,1110.1
하단,True,13,1159.3
하단,True,14,1153.2
하단,True,15,1182.7
하단,True,16,1231.1
하단,True,17,1261.7
하단,True,18,1073.3
하단,True,19,790.3
하단,True,20,691.8
하단,True,21,608.4
하단,True,22,459.5
하단,True,23,252.0
하단,True,0,72.3
해운대,False,1,0.4
해운대,False,2,0.3
해운대,False,3,0.0
해운대,False,4,1.7
해운대,False,5,59.3
해운대,False,6,283.9
해운대,False,7,483.5
해운대,False,8,928.5
해운대,False,9,742.5
해운대,False,10,772.4
해운대,False,11,882.6
해운대,False,12,899.8
해운대,False,13,937.3
해운대,False,14,940.9
해운대,False,15,1095.9
해운대,False,16,1232.3
해운대,False,17,1325.0
해운대,False,18,1293.2
해운대,False,19,831.6
해운대,False,20,721.6
해운대,False,21,601.7
해운대,False,22,504.6
해운대,False,23,252.4
해운대,False,0,34.9
해운대,True,1,6.8
해운대,True,2,0.0
해운대,True,3,0.0
해운대,True,4,2.3
해운대,True,5,52.7
해운대,True,6,215.0
해운대,True,7,285.0
해운대,True,8,477.6
해운대,True,9,697.8
해운대,True,10,922.6
해운대,True,11,1217.4
해운대,True,12,1253.7
해운대,True,13,1329.7
해운대,True,14,1387.9
해운대,True,15,1510.2
해운대,True,16,1571.0
해운대,True,17,1520.4
해운대,True,18,1312.0
해운대,True,19,1057.0
해운대,True,20,1032.2
해운대,True,21,857.5
해운대,True,22,640.2
해운대,True,23,340.7
해운대,True,0,51.6
호포,False,1,0.1
호포,False,2,0.1
호포,False,3,0.1
호포,False,4,0.8
호포,False,5,9.6
호포,False,6,49.8
호포,False,7,84.7
호포,False,8,131.9
호포,False,9,61.0
호포,False,10,59.4
호포,False,11,79.5
호포,False,12,78.1
호포,False,13,69.1
호포,False,14,70.8
호포,False,15,83.9
호포,False,16,86.8
호포,False,17,126.8
호포,False,18,109.3
호포,False,19,51.4
호포,False,20,41.7
호포,False,21,31.2
호포,False,22,18.9
호포,False,23,12.9
호포,False,0,9.4
호포,True,1,0.3
호포,True,2,0.1
호포,True,3,0.1
호포,True,4,0.7
호포,True,5,6.3
호포,True,6,30.1
호포,True,7,42.4
호포,True,8,59.3
호포,True,9,77.5
호포,True,10,74.1
호포,True,11,106.7
호포,True,12,103.3
호포,True,13,87.6
호포,True,14,96.7
호포,True,15,103.3
호포,True,16,108.5
호포,True,17,92.7
호포,True,18,71.7
호포,True,19,53.1
호포,True,20,42.4
호포,True,21,32.7
호포,True,22,18.1
호포,True,23,7.9
호포,True,0,10.9
화명,False,1,0.5
화명,False,2,0.3
화명,False,3,0.0
화명,False,4,1.6
화명,False,5,95.8
화명,False,6,288.4
화명,False,7,761.1
화명,False,8,982.9
화명,False,9,670.7
화명,False,10,609.6
화명,False,11,680.6
화명,False,12,701.6
화명,False,13,692.8
화명,False,14,694.6
화명,False,15,734.5
화명,False,16,851.7
화명,False,17,1031.6
화명,False,18,1139.1
화명,False,19,576.3
화명,False,20,420.0
화명,False,21,382.1
화명,False,22,272.9
화명,False,23,159.1
화명,False,0,42.9
화명,True,1,1.1
화명,True,2,0.0
화명,True,3,0.0
화명,True,4,1.8
화명,True,5,65.2
화명,True,6,142.8
화명,True,7,211.1
화명,True,8,367.7
화명,True,9,465.3
화명,True,10,555.6
화명,True,11,598.1
화명,True,12,649.4
화명,True,13,647.2
화명,True,14,603.1
화명,True,15,637.2
화명,True,16,670.7
화명,True,17,670.2
화명,True,18,549.4
화명,True,19,412.0
화명,True,20,346.2
화명,True,21,303.9
화명,True,22,228.9
화명,True,23,145.6
화명,True,0,44.1
